RegionID,SizeRank,RegionName,RegionType,StateName,2018-01-31,2018-02-28,2018-03-31,2018-04-30,2018-05-31,2018-06-30,2018-07-31,2018-08-31,2018-09-30,2018-10-31,2018-11-30,2018-12-31,2019-01-31,2019-02-28,2019-03-31,2019-04-30,2019-05-31,2019-06-30,2019-07-31,2019-08-31,2019-09-30,2019-10-31,2019-11-30,2019-12-31,2020-01-31,2020-02-29,2020-03-31,2020-04-30,2020-05-31,2020-06-30,2020-07-31,2020-08-31,2020-09-30,2020-10-31,2020-11-30,2020-12-31,2021-01-31,2021-02-28,2021-03-31,2021-04-30,2021-05-31,2021-06-30,2021-07-31,2021-08-31,2021-09-30,2021-10-31,2021-11-30,2021-12-31,2022-01-31,2022-02-28,2022-03-31,2022-04-30,2022-05-31,2022-06-30,2022-07-31,2022-08-31,2022-09-30,2022-10-31,2022-11-30,2022-12-31,2023-01-31,2023-02-28,2023-03-31,2023-04-30,2023-05-31,2023-06-30,2023-07-31,2023-08-31,2023-09-30
102001,0,United States,country,,33875.0,33287.0,42598.0,37571.0,39897.0,37730.0,32180.0,33234.0,26855.0,26972.0,26182.0,27186.0,21159.0,23756.0,29477.0,29161.0,31616.0,29452.0,27538.0,27097.0,24234.0,25289.0,24647.0,29015.0,20197.0,22985.0,29284.0,25432.0,26174.0,34660.0,37035.0,34945.0,34479.0,33793.0,30081.0,34890.0,27591.0,30154.0,40747.0,38269.0,36636.0,38485.0,33596.0,34200.0,33821.0,33382.0,34221.0,49303.0,31718.0,34924.0,44525.0,37939.0,38843.0,40240.0,32516.0,35442.0,35153.0,31364.0,30600.0,35946.0,23641.0,30239.0,41435.0,36483.0,41445.0,40799.0,32796.0,35729.0,32325.0
394913,1,"New York, NY",msa,NY,380,311,375,349,379,447,419,461,346,381,366,363,362,252,344,349,449,393,408,413,347,406,328,394,352,355,356,311,320,411,514,550,501,548,443,511,444,414,484,465,410,431,380,378,347,353,363,478,384,343,379,382,379,417,352,347,302,299,324,299,214,239,305,246,334,342,253,327,268
753899,2,"Los Angeles, CA",msa,CA,270,241,421,300,320,354,308,350,233,278,300,293,231,241,351,343,325,305,346,264,252,238,264,326,186,201,218,143,147,189,243,249,284,295,258,360,184,229,304,267,244,288,246,197,166,183,190,304,163,170,196,156,150,164,113,123,140,120,137,150,103,129,204,140,166,187,141,142,160
394463,3,"Chicago, IL",msa,IL,307,272,338,370,424,361,338,340,311,360,344,323,259,304,381,337,397,341,342,349,281,308,347,316,245,256,314,272,303,331,420,422,415,430,416,413,272,312,434,406,410,443,385,455,408,430,484,481,332,386,589,491,517,589,417,542,512,418,449,406,270,313,464,423,421,473,377,485,422
394514,4,"Dallas, TX",msa,TX,1490,1625,2178,1902,1736,1426,1288,1324,1099,977,938,1126,843,1044,1473,1319,1224,1125,1148,1100,1027,1178,1093,1504,861,1072,1352,1133,1196,1708,1706,1418,1477,1358,1212,1581,1069,994,1395,1232,1218,1149,901,868,1061,1005,1075,1714,1058,1101,1526,1308,1364,1381,1111,1310,1376,1196,1378,1996,1197,1732,2193,1900,2029,1953,1551,1694,1474
394692,5,"Houston, TX",msa,TX,1350,1670,1868,1836,1774,1604,1330,1371,1002,1081,964,1212,674,806,1184,1290,1238,1223,1217,1196,1055,1082,1070,1643,936,1203,1430,1160,1301,1720,1709,1517,1601,1621,1578,1821,1087,1180,1820,1815,1817,1633,1440,1508,1403,1455,1583,2482,1517,1949,2485,1958,2042,2153,1626,1730,1807,1684,1742,2226,1341,1854,2322,1984,2201,2135,1696,1698,1660
395209,6,"Washington, DC",msa,VA,1044,891,1141,849,967,994,779,851,600,564,523,523,591,490,601,571,542,530,403,379,334,336,337,336,274,291,390,321,336,455,458,396,495,540,454,479,430,451,589,634,628,595,543,557,529,547,566,896,664,700,823,646,662,682,571,581,549,516,502,517,394,457,570,558,585,542,526,534,489
394974,7,"Philadelphia, PA",msa,PA,299,221,258,272,323,293,234,281,214,197,217,228,233,207,270,300,270,247,235,217,191,234,222,191,178,175,223,170,150,235,263,285,297,324,274,307,318,340,428,407,381,375,352,369,321,361,347,503,356,333,404,374,370,352,335,270,264,287,255,224,182,166,239,262,267,310,264,238,196
394856,8,"Miami, FL",msa,FL,355,337,602,503,495,590,494,461,416,443,406,422,272,264,260,249,268,245,256,269,244,223,193,257,185,179,227,212,172,257,326,346,315,305,236,344,275,278,376,349,289,319,265,225,261,249,240,362,196,199,248,214,231,233,179,211,216,217,211,243,124,158,235,219,218,232,207,227,209
394347,9,"Atlanta, GA",msa,GA,1677,1969,2395,2007,1944,1986,1802,1744,1559,1356,1390,1709,1150,1362,1741,1609,1790,1707,1663,1701,1613,1463,1472,1837,1140,1332,1754,1533,1607,2266,2256,2004,1949,1852,1656,1991,1432,1552,2030,1713,1630,1665,1390,1269,1418,1185,1346,1796,1111,1178,1620,1292,1302,1432,1130,1234,1225,1095,1077,1223,785,1025,1421,1164,1355,1253,1013,1054,976
394404,10,"Boston, MA",msa,MA,205,167,207,199,249,231,200,198,164,163,158,143,156,129,186,181,221,201,177,181,152,149,147,166,139,160,179,159,167,224,238,231,206,200,179,207,168,127,199,165,175,162,132,148,134,133,143,176,116,107,121,117,135,153,117,136,126,130,134,120,114,122,168,135,165,166,119,147,120
394976,11,"Phoenix, AZ",msa,AZ,988,489,586,542,712,658,630,602,553,495,519,664,666,748,795,845,938,888,816,775,667,659,627,774,502,605,645,532,607,764,786,802,801,759,694,819,445,527,720,622,641,638,465,599,707,586,600,1182,597,707,915,751,801,724,543,632,739,562,630,842,491,623,922,804,1043,992,783,918,1003
395057,12,"San Francisco, CA",msa,CA,144,186,207,141,160,171,136,111,95,106,82,86,65,91,127,125,133,114,109,112,92,78,87,100,85,59,77,46,48,78,98,95,109,98,66,98,65,68,73,91,98,72,65,57,81,64,93,,87,137,185,111,112,111,71,70,44,67,47,84,36,39,74,64,51,69,47,44,55
395025,13,"Riverside, CA",msa,CA,432,465,551,379,389,367,262,337,276,236,287,296,146,194,253,226,278,247,204,243,184,193,229,270,193,180,215,137,168,220,251,203,225,181,172,198,174,196,188,181,158,162,168,159,185,200,197,,245,315,352,229,235,257,186,282,335,291,329,364,246,263,352,293,300,330,260,329,319
394532,14,"Detroit, MI",msa,MI,161,141,173,170,218,196,194,182,134,171,175,121,128,131,152,175,188,166,172,196,163,174,136,158,130,155,190,124,85,187,242,256,246,290,193,234,176,205,249,218,233,226,198,187,199,168,195,219,165,183,210,188,169,200,168,179,191,168,154,156,111,119,235,182,197,207,148,172,154
395078,15,"Seattle, WA",msa,WA,654,652,855,661,765,781,596,714,618,520,544,577,415,525,648,579,595,530,482,474,392,426,402,588,433,491,512,276,266,386,448,413,423,408,376,489,531,674,789,661,614,698,681,692,773,741,753,1031,585,570,821,643,607,472,424,472,541,452,531,480,381,631,687,491,532,461,348,408,335
394865,16,"Minneapolis, MN",msa,MN,398,465,615,594,703,585,542,549,444,561,481,381,349,361,515,591,659,546,512,505,421,537,464,443,346,371,451,566,473,593,659,650,615,648,508,550,480,577,701,671,569,693,605,572,568,582,560,606,417,519,637,644,653,582,484,488,528,414,444,456,236,329,527,526,562,528,380,517,394
395056,17,"San Diego, CA",msa,CA,162,117,161,151,191,134,99,125,71,83,118,100,49,69,96,107,78,72,82,70,68,83,79,108,71,67,79,67,54,72,109,85,77,89,63,78,39,59,83,54,60,44,57,31,53,46,50,53,35,28,36,32,25,41,23,36,32,32,46,37,35,46,54,44,40,49,33,39,40
395148,18,"Tampa, FL",msa,FL,552,451,599,548,575,529,521,559,451,486,517,412,492,525,571,471,505,507,519,600,553,580,673,654,446,518,599,631,662,747,645,745,780,749,765,755,569,705,793,781,759,770,690,684,722,590,690,875,560,599,792,547,622,691,527,631,443,676,795,686,578,720,760,696,813,746,622,742,608
394530,19,"Denver, CO",msa,CO,645,622,951,811,852,814,626,589,569,542,499,585,547,552,751,678,608,583,462,473,448,426,415,479,277,316,394,325,337,518,479,389,394,404,353,397,258,254,342,266,221,233,219,190,210,235,319,572,344,354,426,327,318,336,223,226,293,253,301,355,208,285,411,364,358,368,325,373,321
394358,20,"Baltimore, MD",msa,MD,453,331,369,365,416,421,229,228,186,182,176,169,163,151,202,187,185,190,156,174,176,148,142,179,146,120,216,134,168,178,199,227,305,266,238,238,212,237,285,245,322,297,234,206,228,216,204,324,180,168,280,219,186,224,188,221,170,147,151,157,91,136,160,142,194,166,144,189,203
395121,21,"St. Louis, MO",msa,MO,132,137,157,132,177,174,147,130,121,103,104,120,73,91,112,120,147,125,123,123,107,119,100,113,82,102,161,150,149,159,156,142,142,130,94,121,121,100,179,146,167,165,150,130,140,114,124,144,90,84,134,90,116,118,105,82,88,76,68,77,53,57,125,112,142,126,110,116,94
394943,22,"Orlando, FL",msa,FL,1031,659,857,742,821,809,705,715,678,647,659,632,390,417,503,385,529,491,477,534,457,479,499,568,280,355,363,299,336,393,480,496,439,427,455,422,402,462,512,568,527,438,424,412,398,338,388,597,337,415,499,370,503,502,419,527,357,460,385,494,322,412,538,513,644,591,477,509,533
394458,23,"Charlotte, NC",msa,NC,732,795,983,803,748,769,601,676,496,458,483,572,604,618,806,736,679,622,504,496,506,511,493,673,347,492,581,449,471,607,580,551,532,516,437,612,643,768,937,830,827,1011,781,835,849,763,801,1185,744,805,1039,810,850,988,739,842,902,709,753,847,535,602,888,842,882,878,700,782,730
395055,24,"San Antonio, TX",msa,TX,438,383,487,375,460,440,408,415,279,261,347,365,244,327,461,497,614,594,526,568,435,452,506,500,338,424,578,531,591,689,728,614,621,516,525,599,431,449,804,847,765,585,524,550,452,350,410,629,430,502,675,610,622,534,451,491,576,497,521,685,463,781,914,882,1109,950,837,857,703
394998,25,"Portland, OR",msa,OR,404,530,680,582,653,555,441,580,491,448,479,440,336,440,423,455,576,449,449,466,377,407,401,441,395,457,499,362,332,435,529,511,524,469,381,485,368,505,588,632,536,512,501,438,422,457,503,626,478,490,521,427,446,386,318,369,326,291,297,276,197,306,326,280,293,264,258,308,231
395045,26,"Sacramento, CA",msa,CA,321,369,435,435,402,304,277,316,260,246,299,229,235,328,382,354,369,276,255,172,162,196,188,210,158,174,157,176,184,202,238,253,176,182,154,143,88,132,153,124,106,150,122,133,142,146,136,,,414,,420,386,371,302,265,190,163,124,126,85,99,140,132,121,115,107,129,131
394982,27,"Pittsburgh, PA",msa,PA,66,43,75,72,73,54,50,50,44,37,77,52,68,39,42,40,70,76,63,73,47,41,57,60,42,50,55,43,35,56,76,88,55,79,48,92,50,74,74,54,71,106,66,80,72,79,83,101,64,63,88,71,86,65,59,54,70,70,54,62,26,34,69,57,75,63,31,43,48
394466,28,"Cincinnati, OH",msa,OH,290,233,192,165,124,142,127,108,99,82,85,83,69,83,105,88,85,104,99,80,76,96,79,85,63,75,100,93,77,145,183,117,138,117,121,125,116,118,200,176,178,177,116,136,92,110,122,169,89,112,192,122,139,162,118,112,108,96,99,122,114,117,175,124,155,128,133,123,109
394355,29,"Austin, TX",msa,TX,497,470,610,489,504,461,361,351,290,260,323,372,263,340,446,397,515,461,397,364,381,393,494,594,370,496,626,474,526,777,720,691,662,608,697,708,550,454,658,468,527,546,391,460,568,427,459,767,434,485,707,604,634,677,569,769,896,623,658,967,521,745,855,716,1008,896,726,766,667
394775,30,"Las Vegas, NV",msa,NV,375,309,600,405,414,431,404,414,460,320,336,331,249,304,278,224,211,227,212,187,191,173,176,208,121,168,177,123,118,196,237,191,226,194,174,204,146,183,201,177,143,133,117,110,155,142,158,,276,265,322,263,214,214,184,236,266,175,165,221,173,180,231,184,196,241,171,214,223
394735,31,"Kansas City, MO",msa,MO,239,283,400,341,436,414,309,310,227,268,247,200,164,160,214,285,288,273,250,243,207,225,181,238,166,164,266,288,257,310,350,306,337,301,249,253,207,246,339,327,324,312,289,271,275,288,297,324,254,233,313,330,350,329,260,253,232,262,229,221,144,186,259,271,350,351,241,269,210
394492,32,"Columbus, OH",msa,OH,205,202,211,194,176,151,116,89,81,85,66,75,47,44,89,72,70,69,58,46,52,53,57,61,45,58,96,76,79,81,113,111,112,95,76,127,118,106,163,147,160,159,133,209,188,184,143,247,137,172,225,237,263,261,178,210,175,159,140,169,112,143,253,196,208,181,114,179,145
394705,34,"Indianapolis, IN",msa,IN,272,303,300,243,211,188,151,154,145,168,183,202,108,125,175,208,197,210,197,212,174,168,210,238,127,178,272,213,172,252,254,265,273,265,244,281,191,245,256,274,287,287,222,213,216,207,320,408,234,251,324,268,350,400,321,351,389,320,326,398,222,261,399,392,428,404,344,337,326
394475,35,"Cleveland, OH",msa,OH,96,76,95,79,103,77,76,78,65,74,52,80,67,49,57,59,103,85,86,75,51,77,62,53,45,45,80,59,43,67,70,73,44,82,70,79,41,52,70,60,60,98,71,80,90,84,106,116,80,102,114,100,101,81,74,90,85,66,74,72,43,65,68,60,59,74,56,51,59
395059,36,"San Jose, CA",msa,CA,77,72,96,83,122,90,66,62,39,57,88,41,70,84,106,88,100,69,47,54,41,65,56,62,30,47,43,17,27,34,53,34,54,44,61,51,32,40,77,52,46,55,30,33,40,53,43,92,19,41,55,48,16,44,30,24,25,31,27,37,14,14,29,30,35,40,27,30,37
394902,37,"Nashville, TN",msa,TN,846,834,1073,998,943,962,894,954,680,650,492,498,477,555,724,789,756,708,688,580,559,540,495,614,446,507,726,555,606,776,853,847,820,774,679,897,867,914,1280,1250,1090,1222,1136,1127,987,1135,1079,1462,788,985,1223,1098,1102,1148,890,1017,1086,814,741,933,543,646,942,865,1165,1084,936,1016,851
395194,38,"Virginia Beach, VA",msa,VA,184,235,287,259,272,269,268,241,201,210,150,149,159,198,219,196,243,199,177,160,142,162,145,187,140,166,208,162,193,214,236,178,141,175,167,168,146,120,247,276,229,254,270,273,236,261,219,422,272,274,367,303,236,260,201,202,218,209,163,235,159,228,267,189,227,202,162,188,159
395005,39,"Providence, RI",msa,RI,53,52,71,76,62,72,54,51,53,49,50,41,42,32,62,63,75,62,37,52,36,52,51,43,43,30,45,37,44,57,72,55,66,77,76,90,73,47,74,75,64,68,59,61,71,64,82,91,65,62,64,49,54,62,65,70,57,85,57,54,53,48,61,43,76,66,54,35,37
394714,40,"Jacksonville, FL",msa,FL,449,461,641,550,633,644,484,549,518,478,538,568,396,488,553,482,564,591,439,479,468,384,429,605,334,384,583,500,468,670,608,550,648,552,602,621,406,452,643,471,541,623,460,542,508,569,544,831,529,648,656,588,628,756,534,585,403,635,546,650,420,558,696,708,707,738,586,593,557
394862,41,"Milwaukee, WI",msa,WI,32,16,33,19,30,31,22,28,10,15,20,13,13,14,6,35,53,34,28,25,26,22,16,25,18,17,32,54,28,41,69,39,33,36,30,21,18,23,46,46,35,55,37,59,48,38,55,55,38,45,55,65,64,65,53,45,59,47,44,52,30,42,53,51,68,73,59,49,49
394935,42,"Oklahoma City, OK",msa,OK,169,163,253,273,291,217,214,191,170,189,133,144,131,202,250,219,261,225,226,205,173,188,175,208,162,228,258,246,254,367,373,358,365,296,265,345,240,271,450,457,403,409,314,361,334,332,348,515,353,378,486,456,487,422,371,353,341,319,307,276,202,267,359,364,373,388,296,315,280
395012,43,"Raleigh, NC",msa,NC,391,452,663,615,635,531,513,533,429,436,510,550,307,408,485,544,522,435,446,462,348,353,334,440,357,433,556,527,547,621,658,597,540,613,478,608,612,637,770,726,709,696,514,608,578,603,603,952,489,645,699,674,705,672,612,676,564,492,574,594,390,459,705,622,634,587,513,559,510
394849,44,"Memphis, TN",msa,TN,64,88,128,100,95,89,70,77,76,66,56,74,54,70,77,73,67,72,72,61,75,74,69,82,56,75,63,94,45,86,116,79,100,108,64,88,68,60,127,124,109,108,121,128,127,187,189,217,157,191,240,202,202,227,175,174,176,148,153,157,109,128,199,164,177,188,127,170,140
395022,45,"Richmond, VA",msa,VA,280,285,373,302,338,359,282,319,225,231,242,257,190,220,268,244,301,290,240,242,177,215,185,307,199,241,304,206,247,306,335,319,321,293,268,348,213,252,401,363,343,373,319,317,290,304,317,461,312,318,394,330,293,337,255,288,248,224,202,263,126,228,287,208,201,226,198,206,215
394807,46,"Louisville, KY",msa,KY,126,107,137,145,174,120,78,104,89,85,78,69,63,59,96,86,99,103,111,107,70,83,80,97,52,75,106,90,95,119,145,116,97,127,93,99,91,93,147,122,130,127,137,133,139,156,133,202,120,143,182,156,193,167,154,134,138,103,115,118,68,109,173,145,184,139,111,130,101
394910,47,"New Orleans, LA",msa,LA,81,70,96,106,102,79,110,98,69,64,52,38,52,66,54,74,86,98,92,89,72,85,60,68,84,75,90,86,102,118,144,134,123,105,88,94,72,77,102,116,118,127,99,73,66,95,110,108,109,118,149,138,153,147,116,175,241,220,176,188,160,165,239,243,264,290,238,236,195
395053,48,"Salt Lake City, UT",msa,UT,120,100,161,125,80,75,40,41,42,34,35,37,14,35,34,35,46,35,49,42,41,53,35,58,47,47,53,37,40,51,56,88,59,74,62,87,125,127,174,147,133,181,176,148,162,150,125,201,133,153,169,141,130,134,108,122,100,91,77,120,100,107,187,162,155,146,114,129,120
394669,49,"Hartford, CT",msa,CT,31,23,27,43,38,44,34,31,27,26,31,33,27,25,41,50,55,49,38,34,40,41,29,34,14,23,34,35,47,27,64,73,61,58,32,54,44,36,39,38,32,35,31,53,32,40,32,46,28,31,35,32,23,30,26,31,28,22,27,25,26,22,31,21,27,29,20,28,23
394425,50,"Buffalo, NY",msa,NY,,,,,,,,,,,,,,,,,,,,,,,,,,,,,,,,,,,,,,,,,,,,,,,,,,,,,,,,,,,,,,,10,6,16,11,12,10,9
394388,51,"Birmingham, AL",msa,AL,97,132,113,123,102,112,93,80,92,66,69,63,44,44,61,60,76,84,84,72,106,75,86,118,85,81,153,98,87,182,187,156,186,147,111,180,177,236,268,269,199,248,181,241,227,218,206,298,152,177,274,201,233,225,152,162,203,158,155,170,98,154,227,179,198,205,154,188,192
394640,53,"Grand Rapids, MI",msa,MI,110,90,114,102,127,107,81,102,62,76,61,54,70,66,69,89,88,97,82,67,53,63,61,48,53,51,96,47,41,82,109,78,94,91,81,81,69,73,105,86,89,74,62,74,97,82,73,88,77,91,105,81,89,84,80,63,72,58,62,61,58,64,98,68,79,79,82,63,54
395167,54,"Tucson, AZ",msa,AZ,123,91,116,94,120,100,73,87,62,63,73,84,47,57,82,134,128,99,71,109,102,94,114,114,58,103,96,80,88,131,76,85,79,90,109,118,70,100,127,116,126,132,97,77,106,86,97,146,79,96,121,119,147,127,116,133,150,84,118,125,81,135,168,167,173,167,161,141,144
753924,55,"Urban Honolulu, HI",msa,HI,,,,,,,,,,,,,,,,,,,,,,,,,,,,,,,,,,,,,,,,,,,,,,,,,,,,,,5,5,7,8,14,16,19,15,15,30,21,15,26,14,5,18
395169,56,"Tulsa, OK",msa,OK,146,139,180,172,173,145,153,128,109,114,143,125,106,107,148,154,143,103,141,123,117,129,136,129,94,87,109,99,145,130,159,178,147,162,113,138,108,105,188,241,166,148,153,206,186,190,189,258,137,188,228,168,183,170,147,146,144,142,128,121,97,92,126,124,164,151,101,105,125
394619,57,"Fresno, CA",msa,CA,89,150,143,121,83,63,43,71,31,45,59,45,37,40,65,49,47,51,30,44,34,41,42,44,21,21,37,28,27,47,42,38,31,21,24,33,7,11,21,21,20,14,16,53,38,35,34,53,27,26,41,40,32,37,27,48,68,35,44,59,35,45,86,76,73,76,35,42,48
395238,58,"Worcester, MA",msa,MA,41,39,60,35,44,53,42,56,45,50,36,38,40,37,46,42,63,35,38,51,33,45,52,37,45,30,31,44,40,60,60,77,61,50,54,63,51,48,49,34,39,46,42,54,36,54,34,54,34,36,46,39,40,36,37,31,50,35,35,54,28,24,44,28,45,53,25,47,35
394938,59,"Omaha, NE",msa,NE,162,165,173,198,211,176,143,166,125,117,91,97,94,115,135,159,177,171,123,125,81,85,98,93,67,87,107,117,111,161,162,179,193,194,178,173,162,142,164,153,159,152,151,142,135,147,139,162,119,143,169,162,166,176,129,146,130,137,132,114,87,96,,147,202,203,143,167,150
394415,60,"Bridgeport, CT",msa,CT,23,52,27,43,35,60,51,49,33,31,34,34,25,25,39,38,46,44,39,50,28,41,42,46,44,31,37,39,64,53,75,80,80,89,72,82,45,45,59,39,33,47,37,43,36,38,37,37,30,30,34,37,38,42,25,26,20,20,27,25,14,16,23,31,25,27,21,31,18
394653,61,"Greenville, SC",msa,SC,274,288,382,347,300,320,286,286,264,177,139,166,110,152,181,158,156,217,146,153,184,149,189,217,132,177,247,200,287,301,261,258,262,204,178,251,250,316,392,365,428,424,315,328,289,207,270,424,276,292,351,227,281,340,202,211,236,198,202,314,163,264,365,249,368,360,261,304,314
394312,62,"Albuquerque, NM",msa,NM,50,34,43,39,38,31,27,35,58,41,50,43,37,41,68,41,43,52,41,49,33,44,43,61,25,39,49,44,51,65,69,64,69,89,68,87,50,54,102,87,86,75,71,64,79,72,50,103,78,60,74,87,79,54,55,53,56,57,48,57,49,65,111,69,93,103,77,112,79
394357,63,"Bakersfield, CA",msa,CA,92,104,143,122,130,106,96,104,82,88,80,80,85,102,103,97,82,78,71,29,29,43,30,27,18,28,27,29,24,21,36,38,52,60,44,58,71,36,65,87,61,69,55,44,33,43,45,101,75,81,114,85,80,45,53,80,70,74,56,92,35,45,76,57,71,73,49,52,53
394308,64,"Albany, NY",msa,NY,22,22,36,40,31,35,33,27,22,26,18,19,17,19,18,13,10,19,13,30,15,18,20,23,16,13,17,15,11,24,14,30,20,18,30,36,21,45,34,64,35,42,66,65,60,57,60,77,46,46,37,40,35,36,35,37,48,29,36,28,23,17,22,19,24,16,14,23,17
394753,65,"Knoxville, TN",msa,TN,136,172,214,285,282,250,272,245,173,180,158,171,120,123,141,151,177,138,140,129,134,149,129,129,121,99,161,142,134,183,201,211,174,184,181,167,134,163,214,189,169,209,156,183,169,197,211,230,169,164,170,171,184,185,153,176,192,168,163,164,118,127,208,132,194,174,149,154,153
394367,66,"Baton Rouge, LA",msa,LA,94,66,81,63,65,60,57,56,58,69,50,51,42,46,64,58,58,69,56,76,99,122,92,114,75,116,134,115,116,150,201,179,177,182,183,196,174,174,253,230,274,248,213,185,162,174,207,267,188,236,279,213,232,223,185,200,180,190,147,185,105,122,164,162,159,182,124,147,124
394843,67,"McAllen, TX",msa,TX,40,60,64,53,61,37,28,35,20,13,32,25,52,25,53,54,60,44,52,48,33,29,35,40,22,41,45,30,39,47,42,31,45,29,24,28,25,32,48,46,45,61,48,43,53,48,43,55,54,55,102,94,81,72,54,63,64,72,53,61,53,67,93,101,99,110,84,88,77
394908,68,"New Haven, CT",msa,CT,19,14,15,30,33,34,19,29,25,29,28,14,17,20,30,25,22,37,38,33,18,22,23,30,17,15,23,17,23,25,38,43,52,36,21,19,23,15,23,14,29,17,31,23,27,19,18,36,15,17,21,21,18,17,14,23,11,16,17,17,12,9,27,11,15,15,18,17,16
394561,69,"El Paso, TX",msa,TX,152,156,227,231,216,233,226,189,136,156,178,214,110,85,125,138,132,121,126,129,96,105,111,122,74,66,79,101,99,118,112,135,141,160,146,204,112,116,159,159,129,137,134,177,124,132,133,237,122,138,161,173,196,158,133,185,223,160,172,215,170,166,202,229,179,208,177,217,131
394318,70,"Allentown, PA",msa,PA,38,31,40,35,27,32,43,31,28,21,28,17,27,17,36,27,31,47,34,49,28,41,35,27,18,18,27,22,30,25,37,42,37,50,57,50,43,34,42,59,47,63,54,60,60,54,55,82,60,50,76,54,50,64,69,58,45,55,63,62,44,39,68,66,56,52,41,47,38
394952,71,"Oxnard, CA",msa,CA,,,,,,,,,,,,,,,,,,,,,,,,,,,,,,,,,,,,,,,,,,,,,,,,,,,,,,,,,,,,,,,,,,,,19,9
394486,72,"Columbia, SC",msa,SC,161,184,230,203,223,222,178,193,155,126,81,107,81,126,116,140,166,138,112,127,128,132,115,117,92,106,123,141,152,165,140,175,143,174,117,198,113,141,238,216,194,226,176,198,222,173,168,296,157,166,251,213,259,227,174,204,210,158,155,193,131,136,217,199,263,407,234,258,157
753906,73,"North Port, FL",msa,FL,239,152,210,160,214,191,164,213,189,157,174,170,129,182,191,167,224,203,183,187,199,179,205,210,130,177,236,189,202,308,290,305,287,297,266,326,206,260,372,308,288,311,250,249,214,224,205,367,212,205,223,225,270,284,246,277,167,221,199,319,186,268,428,338,487,444,409,387,384
845158,74,"Dayton, OH",msa,OH,57,37,51,33,29,27,23,15,18,25,20,14,6,10,11,8,9,16,9,11,8,15,13,10,9,13,17,15,23,20,24,22,32,21,19,20,18,13,22,23,27,27,20,19,21,23,28,60,39,36,48,31,47,46,52,47,34,27,17,52,26,39,64,45,36,36,38,34,35
394457,75,"Charleston, SC",msa,SC,175,135,181,149,178,196,151,217,166,153,164,173,142,188,198,180,186,225,188,185,156,142,157,188,145,187,243,183,209,264,258,236,265,237,250,264,174,253,356,340,360,370,313,399,291,347,281,461,268,326,420,368,369,431,346,356,366,298,350,356,251,287,406,335,391,367,293,418,342
394648,76,"Greensboro, NC",msa,NC,116,135,160,156,161,179,167,138,111,144,139,116,96,97,97,127,125,121,108,119,88,100,86,106,93,73,109,106,106,116,121,113,122,114,88,100,101,97,187,132,132,165,114,95,130,107,139,216,143,145,179,157,104,115,114,127,140,108,130,115,83,94,122,106,131,126,116,97,91
395134,77,"Stockton, CA",msa,CA,84,113,155,90,112,101,63,57,42,61,71,56,96,140,192,135,119,99,63,44,33,45,54,63,49,50,46,40,28,42,51,48,41,42,36,33,20,30,36,28,33,29,20,25,39,46,29,,36,72,76,52,68,55,50,44,40,33,46,62,30,52,62,50,47,30,27,30,25
394440,78,"Cape Coral, FL",msa,FL,307,319,422,314,371,371,346,405,261,229,284,225,233,269,258,223,325,294,275,255,266,255,284,293,221,210,309,209,239,298,309,316,284,325,261,322,253,280,357,353,347,331,318,238,254,247,298,286,292,317,442,405,361,396,311,328,258,235,287,296,328,334,412,414,382,393,381,394,389
394399,79,"Boise City, ID",msa,ID,234,305,374,340,436,444,399,419,287,322,242,233,225,266,300,343,353,301,254,244,199,199,208,237,325,322,405,273,210,293,379,464,406,356,268,271,306,285,567,541,474,456,502,431,498,489,445,720,436,494,517,470,485,420,356,390,352,380,301,395,353,459,567,438,385,393,322,339,279
394484,80,"Colorado Springs, CO",msa,CO,218,254,313,282,255,168,127,124,100,96,86,109,66,81,100,78,116,111,82,107,100,104,97,128,89,85,100,111,75,102,115,190,195,245,148,167,138,161,200,205,161,180,140,137,144,155,147,228,133,153,222,218,202,184,157,123,125,81,86,99,67,50,111,118,123,131,100,84,99
394798,81,"Little Rock, AR",msa,AR,96,89,126,106,92,71,65,65,45,76,81,56,52,67,74,56,79,52,73,80,55,60,58,73,46,81,92,71,93,111,110,102,110,129,77,107,85,104,129,121,134,151,166,184,189,182,140,177,113,132,178,150,170,147,147,172,143,156,131,131,89,134,193,178,201,185,143,147,127
394766,82,"Lakeland, FL",msa,FL,349,219,278,273,265,253,226,275,193,179,145,141,129,175,192,260,234,229,189,184,203,241,200,252,146,177,232,176,159,255,271,244,241,228,216,284,263,269,332,358,281,263,222,255,204,221,239,320,191,295,288,227,338,369,323,376,251,339,310,371,252,362,407,378,329,312,305,369,339
394304,83,"Akron, OH",msa,OH,30,33,29,23,26,25,23,29,22,24,27,18,15,14,25,23,15,28,17,15,9,15,10,13,8,6,14,14,12,15,17,15,14,28,28,12,13,10,12,12,19,26,23,23,22,25,29,33,42,44,35,34,49,51,41,39,36,48,29,33,7,18,10,24,23,21,14,14,22
394531,84,"Des Moines, IA",msa,IA,169,148,265,308,348,346,282,288,227,214,205,176,112,102,170,222,260,239,188,199,169,161,145,159,112,135,158,225,270,340,334,330,273,279,233,283,175,141,268,260,258,277,274,325,296,281,261,322,239,206,358,335,370,367,275,237,270,195,151,187,117,137,238,230,266,269,221,204,171
845159,86,"Poughkeepsie, NY",msa,NY,,,,,,,,,,,,,,,,,,,,,,,,,,,,,,,,,,,,,,,,,,,,,,,,,,,,,,,,,5,8,5,7,7,13,19,19,13,,20,19,25
394931,87,"Ogden, UT",msa,UT,63,68,108,94,103,98,79,76,56,61,46,45,30,47,60,37,63,41,42,45,31,43,36,47,27,42,66,58,50,80,66,73,65,57,64,39,45,99,101,78,76,87,70,65,91,76,74,124,89,126,146,118,128,129,84,105,119,75,47,101,60,96,148,121,136,150,107,95,60
394816,88,"Madison, WI",msa,WI,65,70,94,80,85,80,64,60,51,31,29,27,27,43,64,34,55,51,63,50,27,27,44,37,20,26,46,52,57,61,66,60,65,62,64,65,48,58,78,43,80,59,55,68,61,57,61,66,81,90,112,88,81,79,75,80,64,61,67,54,42,59,77,81,72,89,55,76,62
395235,89,"Winston, NC",msa,NC,110,127,147,133,129,142,83,124,79,94,92,114,66,78,62,70,97,125,115,86,93,106,98,100,81,107,114,113,95,134,154,158,141,124,125,156,134,117,141,146,147,155,130,126,108,99,99,110,88,89,155,105,99,123,91,116,114,102,116,176,122,107,165,139,166,173,154,160,124
394528,90,"Deltona, FL",msa,FL,130,107,98,88,105,105,72,86,68,70,86,95,56,81,98,108,105,112,118,95,88,95,96,133,78,70,156,108,123,202,187,136,154,149,148,186,160,192,224,235,190,205,141,164,182,178,129,220,153,156,212,196,235,211,207,232,193,249,152,219,163,230,297,239,270,302,248,243,237
395006,92,"Provo, UT",msa,UT,127,160,162,124,134,109,100,92,76,81,62,50,38,32,43,58,63,49,58,61,63,61,71,86,42,49,105,101,91,117,136,112,109,108,75,93,143,152,216,195,201,232,199,232,220,250,236,321,207,205,293,240,245,290,261,306,362,183,187,260,184,256,307,281,260,226,181,194,175
395160,93,"Toledo, OH",msa,OH,19,20,22,23,29,21,16,19,18,12,13,5,8,12,18,11,26,14,13,17,21,18,17,17,12,14,16,13,14,23,25,31,15,17,19,18,16,8,26,20,21,11,22,24,15,28,17,23,22,11,22,21,16,20,16,17,23,14,12,13,14,11,17,14,9,22,13,14,18
394549,95,"Durham, NC",msa,NC,138,176,213,144,140,117,101,140,92,81,113,140,81,111,110,98,105,110,101,97,82,108,108,134,91,125,114,127,122,141,125,140,138,134,157,190,200,189,223,203,213,250,223,225,184,223,264,336,188,168,205,199,172,229,233,220,208,197,203,204,165,168,257,215,253,207,152,142,140
394352,96,"Augusta, GA",msa,GA,222,211,222,184,210,194,183,180,117,108,120,103,116,109,143,157,155,202,184,132,101,104,84,114,94,116,127,174,155,195,180,182,178,188,151,192,154,182,204,219,232,241,224,207,247,203,197,282,176,202,287,242,219,275,186,227,203,190,154,207,115,135,189,174,203,216,176,180,152
394957,97,"Palm Bay, FL",msa,FL,105,68,81,72,83,77,64,55,53,60,65,67,64,64,79,59,68,63,86,67,58,38,58,54,55,69,81,73,69,135,133,139,123,135,119,147,142,140,226,158,157,169,134,166,133,138,129,146,109,145,145,138,150,196,165,182,197,190,180,208,163,196,208,203,216,237,175,223,199
394711,98,"Jackson, MS",msa,MS,49,38,58,52,77,74,52,49,44,48,38,37,32,28,42,39,44,33,40,23,24,32,21,24,26,29,43,31,34,53,49,61,65,76,69,57,50,57,61,64,78,62,58,53,51,46,56,63,39,49,72,73,77,64,54,60,46,46,25,49,28,48,68,57,61,50,68,67,58
394666,99,"Harrisburg, PA",msa,PA,28,24,38,35,38,51,28,37,33,30,29,36,24,27,44,35,49,30,42,45,20,34,31,37,24,24,38,43,27,33,62,77,46,58,44,58,44,73,58,101,65,84,55,73,54,66,58,88,48,67,72,86,77,81,68,91,65,54,73,70,39,30,57,42,50,67,40,52,37
395113,100,"Spokane, WA",msa,WA,56,65,80,72,66,70,63,57,52,76,48,44,48,45,70,62,57,73,57,40,69,60,45,47,54,56,60,42,30,39,69,43,81,94,86,80,74,100,110,110,119,105,122,96,116,92,75,125,81,75,119,93,100,84,73,66,74,61,56,68,43,44,70,69,70,76,28,63,46
394460,102,"Chattanooga, TN",msa,TN,120,113,143,146,152,128,100,119,65,90,95,95,61,86,91,85,98,81,67,67,91,62,71,113,70,63,70,79,69,101,114,124,99,95,81,98,87,90,107,98,114,107,104,91,82,113,112,177,99,123,110,136,121,158,99,84,94,74,72,92,64,86,122,121,123,97,97,102,81
394768,104,"Lancaster, PA",msa,PA,35,25,33,31,57,39,40,35,25,30,22,25,19,25,31,34,26,43,32,30,33,21,23,29,22,16,32,30,20,32,37,28,47,27,36,37,27,37,45,39,33,35,47,32,29,27,27,50,35,24,43,44,32,36,28,38,48,34,23,18,21,16,30,19,31,28,28,35,26
394997,105,"Portland, ME",msa,ME,46,49,53,44,42,65,55,47,32,39,35,30,22,26,44,32,39,38,32,30,30,30,29,43,22,25,40,32,32,37,36,55,46,43,56,51,48,28,50,53,47,66,54,54,61,63,63,64,60,43,48,55,57,51,46,45,68,56,52,56,39,35,41,45,45,49,36,44,39
394770,107,"Lansing, MI",msa,MI,26,20,21,25,30,19,15,17,19,8,7,14,7,7,13,14,11,12,15,10,10,9,7,13,17,6,6,10,13,14,14,13,25,10,14,12,18,14,19,24,22,19,17,14,15,21,11,21,17,19,18,20,19,22,15,14,14,9,10,7,9,10,21,14,16,18,11,18,9
394590,108,"Fayetteville, AR",msa,AR,154,176,222,217,260,235,159,170,147,139,128,121,81,76,126,146,171,133,150,156,112,110,80,119,98,82,126,144,131,168,135,150,132,127,118,150,166,174,221,228,251,289,273,280,245,233,268,317,189,180,262,237,223,235,231,276,263,221,162,226,110,194,268,270,300,352,252,334,294
394589,109,"Fayetteville, NC",msa,NC,138,103,136,151,158,138,125,147,64,104,94,97,76,74,96,135,137,143,144,132,129,112,102,147,122,131,159,155,142,217,179,161,128,125,166,153,157,170,168,151,130,115,129,149,155,146,135,158,103,128,183,147,151,130,141,170,177,174,170,159,111,170,268,209,233,240,174,156,143
394792,110,"Lexington, KY",msa,KY,50,42,50,59,45,50,45,40,37,38,38,26,30,32,41,38,36,30,46,41,34,31,25,29,21,25,33,33,25,34,30,38,42,25,22,26,17,11,18,53,45,69,58,55,41,72,63,69,49,44,48,68,68,73,48,69,55,63,41,52,29,43,64,48,65,57,52,47,54
394971,111,"Pensacola, FL",msa,FL,106,89,113,72,88,95,80,78,72,69,67,67,53,109,96,83,98,91,102,80,89,91,91,100,63,72,94,97,95,111,133,131,117,129,121,149,150,145,217,216,228,257,199,202,177,196,201,291,195,250,266,258,244,307,220,234,318,218,160,240,178,180,252,223,261,277,193,179,215
395068,112,"Santa Rosa, CA",msa,CA,18,22,49,30,38,33,30,26,15,19,17,24,24,32,35,39,40,31,32,28,20,22,27,37,23,30,24,20,11,25,32,33,35,28,22,15,9,15,18,25,23,37,30,37,21,25,31,42,36,22,25,25,21,23,21,26,33,23,16,16,7,14,20,17,16,18,11,12,13
395019,113,"Reno, NV",msa,NV,131,117,154,135,172,142,158,183,141,153,152,101,113,48,46,64,64,51,53,75,60,68,58,44,28,96,118,71,78,94,146,85,95,98,100,81,114,76,84,78,72,49,83,58,31,92,54,169,135,125,105,110,77,65,69,76,67,77,47,64,43,58,72,76,74,81,49,57,59
394698,114,"Huntsville, AL",msa,AL,122,116,159,146,172,175,169,121,102,100,104,67,51,73,98,82,84,89,87,72,61,77,74,111,79,73,108,110,97,115,121,108,107,96,88,123,156,199,275,232,192,213,196,185,200,184,179,239,127,192,274,217,189,211,173,159,189,153,175,249,142,157,228,244,245,238,172,152,191
394995,115,"Port St. Lucie, FL",msa,FL,160,125,174,159,180,154,162,157,134,145,105,90,120,94,110,116,123,135,97,99,105,139,108,129,74,80,99,101,91,134,128,159,128,146,110,163,164,144,189,152,150,162,130,117,134,111,134,237,151,216,247,225,202,201,144,204,210,190,154,188,122,160,176,207,197,182,153,189,167
394761,116,"Lafayette, LA",msa,LA,13,14,28,29,46,33,37,37,30,30,19,27,17,23,33,35,38,27,33,28,34,32,29,30,39,40,37,31,48,59,71,53,44,35,41,66,33,70,73,85,69,84,71,74,46,60,66,114,80,92,89,104,92,84,63,73,89,55,69,87,52,66,91,101,114,93,60,67,51
394898,117,"Myrtle Beach, SC",msa,SC,283,278,347,285,279,280,248,283,120,247,165,148,137,144,205,183,220,227,254,209,233,272,271,283,210,227,330,288,238,358,408,398,392,367,365,409,376,393,547,537,486,597,492,469,479,467,460,597,388,442,693,579,605,632,550,615,600,520,544,594,413,508,705,608,705,708,616,676,532
395116,118,"Springfield, MO",msa,MO,44,44,50,48,64,43,40,25,31,36,19,17,9,14,31,41,46,37,41,38,41,33,36,28,23,26,38,40,36,40,38,32,49,53,52,35,53,38,65,57,55,89,74,72,66,60,76,73,52,58,76,66,79,98,61,73,54,67,49,42,35,40,58,82,75,72,45,59,50
395195,119,"Visalia, CA",msa,CA,32,35,42,39,23,18,15,27,28,18,37,31,25,23,24,22,47,30,22,22,15,25,24,31,15,13,19,16,22,29,26,28,21,14,10,9,13,13,20,13,13,6,10,13,14,30,29,26,29,25,32,35,23,53,57,35,66,25,34,49,29,28,67,46,49,36,33,45,37
394746,120,"Killeen, TX",msa,TX,42,49,74,71,63,61,47,58,54,42,35,53,46,45,74,80,62,72,70,71,69,68,61,70,58,83,92,108,126,146,153,103,83,91,75,90,69,65,107,93,61,88,95,110,102,64,95,131,74,76,133,110,120,132,122,103,131,84,83,108,95,107,139,110,170,175,102,112,74
394338,121,"Asheville, NC",msa,NC,43,71,65,80,69,44,72,67,64,55,54,65,51,52,54,46,60,57,46,60,59,52,65,60,48,55,63,50,51,76,81,91,79,92,75,75,64,62,79,100,69,82,94,74,81,81,92,116,73,66,124,83,88,115,90,102,101,76,76,80,48,61,112,95,109,76,96,80,105
395244,122,"York, PA",msa,PA,23,20,31,15,22,24,17,22,18,22,17,15,27,24,15,23,28,20,18,18,24,27,19,22,15,16,21,24,29,19,26,,55,59,43,52,65,56,52,84,69,51,58,62,63,61,53,57,53,55,84,47,59,81,59,67,70,49,44,54,27,33,58,41,43,45,44,49,27
395183,123,"Vallejo, CA",msa,CA,,,,,,,,,,,,,,,,,,,,,,,,,,,,,,,,,,,,,,12,12,7,8,15,15,12,20,24,7,25,19,16,33,21,26,21,13,23,19,29,27,58,27,28,50,40,37,63,30,31,23
395048,126,"Salem, OR",msa,OR,45,62,51,59,34,63,59,39,36,45,30,32,33,40,50,68,72,84,82,75,70,69,40,64,43,54,64,68,53,64,72,52,46,70,85,93,45,56,64,71,50,107,73,98,79,71,65,63,36,40,58,62,76,64,40,44,51,44,46,54,42,62,68,48,63,68,44,50,41
394870,127,"Mobile, AL",msa,AL,,,,,,,,,,,,,,,,,,,,,,,,,,,,,,,,,,,,,,,,,,,,,,,,,,,,,,,,,,,,,,,,,,,,,6
395015,128,"Reading, PA",msa,PA,,,,,,,,,,,,,,,,,,,,,,,,,,,,,9,9,16,12,20,21,10,18,14,21,26,21,26,21,31,23,25,28,25,32,22,15,23,22,14,26,22,20,23,28,17,16,13,9,18,24,22,23,24,12,9
394502,129,"Corpus Christi, TX",msa,TX,53,48,65,45,49,57,37,59,39,38,42,47,34,35,43,40,45,57,53,41,29,44,32,31,22,30,48,34,38,47,50,35,32,33,26,41,20,27,62,45,65,66,34,46,29,48,23,61,46,50,70,63,63,62,50,85,83,63,53,76,60,64,95,66,70,59,40,47,30
394612,132,"Fort Wayne, IN",msa,IN,,,,,,,,,,,,,,9,21,15,44,31,34,25,23,27,22,28,14,14,27,27,32,58,52,44,53,44,26,26,20,31,53,46,64,30,43,34,30,45,42,65,31,48,74,60,75,46,34,41,39,37,39,36,11,36,62,47,65,49,38,52,42
394658,133,"Gulfport, MS",msa,MS,26,28,37,24,30,36,24,24,27,22,25,24,22,32,25,44,46,36,30,31,42,33,34,37,24,29,50,34,56,60,54,53,62,53,57,68,56,75,77,86,89,80,88,62,77,64,74,91,76,88,108,83,109,103,80,68,106,82,79,74,53,62,83,89,104,97,69,75,99
395051,134,"Salisbury, MD",msa,DE,198,153,161,145,123,146,97,97,80,82,83,60,36,47,85,61,70,62,74,60,63,66,48,72,46,62,60,47,72,99,104,140,150,149,152,135,93,129,149,145,182,143,142,166,143,179,186,244,175,186,214,184,160,131,141,172,124,100,125,118,66,110,149,113,147,151,109,142,191
394596,135,"Flint, MI",msa,MI,22,25,28,32,15,29,15,19,27,17,20,19,18,19,39,28,26,24,22,14,18,24,24,27,22,8,13,11,10,14,26,20,29,25,17,25,18,12,37,27,26,23,17,16,14,20,15,22,22,12,16,14,25,12,19,16,13,9,19,12,6,18,19,12,13,20,9,10,16
395070,138,"Savannah, GA",msa,GA,85,126,139,157,140,123,128,97,79,84,66,69,58,53,66,85,103,82,99,87,70,77,82,96,63,79,104,80,90,101,110,133,107,118,91,123,92,92,147,182,133,156,142,142,156,171,143,202,141,162,199,151,139,209,123,146,180,157,126,150,115,128,165,159,235,238,166,189,137
394372,140,"Beaumont, TX",msa,TX,,,,,,,,,,,,,,,,,,,,,,,,,,,,,,,,,,,,,,,,,,7,8,9,9,8,11,19,11,9,24,21,24,20,12,13,16,13,17,13,12,17,16,11,22,19,15,12,14
395096,141,"Shreveport, LA",msa,LA,,,,,,,,,,,,,,,,,,,,,8,6,8,10,6,6,15,13,9,18,17,14,20,15,17,8,19,25,50,39,33,28,41,24,15,37,36,38,27,27,35,39,46,49,32,42,23,37,25,26,22,35,52,32,32,44,35,31,27
395164,142,"Trenton, NJ",msa,NJ,,,,,,,,,,,,,,,,,,,,,,,,,,,,,,,,,,,,,,,,,,,,,,,,,,,,,,,,,,,,,,,,,,,,,6
394875,143,"Montgomery, AL",msa,AL,29,23,47,36,32,36,32,27,21,14,17,22,8,22,27,18,35,24,24,27,28,22,21,24,16,22,21,21,28,31,55,32,39,42,50,60,48,34,72,64,60,62,70,48,44,46,50,76,54,68,75,76,82,88,80,63,70,69,65,57,19,30,37,54,72,76,71,65,49
394520,144,"Davenport, IA",msa,IL,,,,,,,,,,,,,,,,,,,,,,,,,,,,,,,,,,,,,,,,,,,,,,,,,,,,,9,9,9,11,8,11,5,10,5,9,12,8,20,24,11,16,11
395146,145,"Tallahassee, FL",msa,FL,21,23,40,33,37,39,31,43,20,27,37,29,21,28,34,34,36,40,29,21,25,37,28,38,38,32,44,40,54,44,56,45,55,30,35,70,59,61,89,70,101,91,73,76,64,58,68,94,64,86,83,76,78,83,63,73,66,58,53,49,43,50,64,68,89,82,77,47,79
394576,146,"Eugene, OR",msa,OR,27,24,43,31,20,26,30,22,12,23,24,24,11,19,24,15,35,20,22,32,21,19,11,14,15,10,16,10,16,18,24,26,14,15,18,24,15,15,22,21,20,29,32,32,39,26,21,37,31,22,30,24,32,36,25,44,41,31,24,23,13,27,29,23,32,25,15,26,25
394901,147,"Naples, FL",msa,FL,128,142,161,152,189,197,137,162,145,155,148,151,100,68,104,91,118,98,99,74,78,88,104,110,63,54,100,75,75,121,102,113,102,104,94,119,78,96,136,88,118,91,85,87,62,68,91,120,73,80,113,82,90,75,58,65,51,86,69,95,49,72,126,94,117,101,84,81,72
394332,148,"Ann Arbor, MI",msa,MI,31,23,28,24,25,29,31,19,15,27,25,18,14,8,10,14,16,18,15,22,21,16,8,16,7,13,12,13,9,16,30,28,28,26,25,31,21,19,25,34,21,38,28,37,33,36,34,49,20,31,29,27,28,36,31,18,22,20,21,31,15,21,35,14,18,12,13,14,16
394927,149,"Ocala, FL",msa,FL,121,111,122,140,175,139,151,124,117,92,88,112,52,65,62,81,90,128,110,105,90,115,94,117,96,55,97,70,97,133,150,133,123,119,104,116,110,98,149,142,111,148,117,160,150,87,143,145,128,131,207,146,162,210,143,176,153,169,168,195,139,203,262,292,299,310,266,308,270
394679,150,"Hickory, NC",msa,NC,17,18,26,21,26,28,13,28,16,25,17,20,14,9,25,19,25,23,17,10,28,19,25,20,12,16,17,15,17,21,37,27,41,27,25,21,21,26,29,32,41,49,38,57,34,46,42,34,27,34,59,74,42,35,34,30,32,59,30,47,58,29,48,68,63,77,60,121,61
394602,152,"Fort Collins, CO",msa,CO,79,85,119,113,144,114,76,68,61,55,63,60,40,43,68,69,71,58,54,70,55,71,98,165,76,118,178,146,138,199,217,186,181,166,143,155,129,143,196,189,239,246,165,193,131,149,161,163,121,100,136,114,110,163,83,91,85,64,62,83,57,102,110,118,126,76,72,62,60
394796,154,"Lincoln, NE",msa,NE,69,60,85,83,65,78,57,55,33,40,25,21,23,17,32,45,43,25,30,41,32,36,41,29,30,25,35,43,51,59,57,56,55,73,49,50,29,46,60,66,68,60,70,61,55,67,52,79,61,55,70,80,73,71,62,66,55,53,33,45,34,34,48,49,55,55,57,50,32
394622,155,"Gainesville, FL",msa,FL,20,8,20,22,35,41,17,22,14,15,24,18,23,30,41,35,39,40,25,28,30,27,34,35,22,22,30,31,38,42,56,28,41,35,32,54,46,32,,59,55,98,66,45,63,45,56,62,39,50,76,58,64,56,70,64,45,55,47,55,42,41,54,44,63,82,66,42,34
394405,156,"Boulder, CO",msa,CO,70,63,83,66,73,86,63,82,68,66,83,98,53,66,81,77,108,77,65,66,55,46,36,38,25,32,50,16,39,67,62,52,36,44,24,38,34,18,27,27,18,18,17,17,28,35,30,21,12,18,8,15,13,13,5,26,27,20,16,15,6,6,22,10,15,17,20,18,20
394646,157,"Green Bay, WI",msa,WI,17,30,42,37,36,47,17,26,20,31,22,14,17,24,28,27,37,28,16,15,10,15,12,17,13,16,18,31,32,40,39,25,21,43,14,23,17,18,20,34,24,38,32,27,20,41,15,25,20,24,31,41,21,27,23,18,18,11,16,19,9,20,18,25,33,13,15,15,16
394488,158,"Columbus, GA",msa,GA,17,19,35,19,22,31,14,9,23,16,19,15,14,15,19,18,16,23,28,31,17,18,29,17,10,17,23,20,19,33,27,17,25,21,8,12,6,9,10,32,19,23,20,25,26,23,39,56,29,29,28,39,66,36,48,47,35,24,25,20,27,23,39,22,51,41,53,49,46
395107,159,"South Bend, IN",msa,IN,,,,,,,,,,,,,,,,,,,,,,,,,,,,,,,,,,,,,,,,,,,,,,,,,,,,9,16,17,15,23,12,15,8,8,8,7,11,14,17,8,16,14,8
395109,160,"Spartanburg, SC",msa,SC,131,132,144,131,145,148,132,131,112,102,106,106,92,116,127,134,136,149,144,134,116,108,115,118,86,95,110,113,121,123,147,160,153,126,114,111,120,130,180,180,145,187,162,166,185,152,139,244,170,151,215,163,139,179,182,205,272,145,183,217,116,152,249,168,200,217,136,205,167
394645,161,"Greeley, CO",msa,CO,136,207,255,237,303,257,233,210,228,213,205,229,140,169,219,209,249,192,203,173,205,195,139,156,82,143,200,138,125,188,200,199,172,173,151,213,154,164,285,229,232,226,250,223,262,178,248,280,175,197,250,220,173,205,115,140,167,122,137,171,103,130,151,117,125,130,100,94,94
394808,162,"Lubbock, TX",msa,TX,65,64,75,72,64,63,48,63,38,54,37,48,32,39,34,44,35,32,32,40,19,28,19,38,17,23,40,41,46,43,53,48,53,25,30,49,34,45,53,76,78,91,71,61,64,57,73,74,72,79,101,76,84,87,67,81,78,70,53,70,62,63,98,85,111,101,76,74,52
394471,163,"Clarksville, TN",msa,TN,148,139,182,184,162,148,122,118,95,119,62,55,63,60,75,82,87,86,76,63,70,97,69,59,74,57,93,171,157,178,195,210,163,153,172,172,156,188,232,185,172,181,198,210,185,150,149,203,149,180,244,199,186,204,143,106,74,51,45,70,40,60,81,97,138,143,91,90,66
394579,165,"Evansville, IN",msa,IN,24,24,21,17,22,8,15,18,11,16,14,12,10,15,13,18,14,12,6,20,9,8,15,12,8,9,13,15,10,15,19,13,17,7,20,17,12,14,17,14,22,16,19,11,22,15,7,16,7,14,15,16,22,20,25,25,25,23,15,18,7,8,20,16,16,15,17,21,17
394747,167,"Kingsport, TN",msa,TN,,,,,,,,,,,,,,,,,,,,,,,,,,,,,,,,,,,,,,,,,18,10,12,21,16,9,14,15,14,11,16,20,18,18,18,12,29,12,10,21,7,11,24,18,18,36,29,33,28
394741,168,"Kennewick, WA",msa,WA,84,62,86,70,73,60,59,66,32,32,63,33,46,46,44,57,66,69,60,60,53,50,46,37,27,32,55,34,29,33,36,27,53,87,59,72,72,59,83,91,135,108,87,73,65,80,54,55,60,97,116,86,104,88,80,57,53,36,31,41,30,45,50,67,68,71,59,64,57
394660,170,"Hagerstown, MD",msa,MD,32,18,37,22,30,35,16,20,15,19,15,16,16,20,20,20,21,28,32,34,23,30,21,30,18,20,28,34,37,35,39,47,30,41,37,24,39,39,46,41,37,44,36,47,44,48,41,71,39,42,74,55,55,56,48,60,37,37,36,52,29,45,47,64,66,57,60,57,72
394937,172,"Olympia, WA",msa,WA,44,70,92,62,77,102,75,76,91,88,77,70,29,94,60,57,47,45,50,49,45,33,29,43,21,30,33,14,24,22,35,22,22,15,13,17,33,36,50,60,60,48,36,49,63,64,82,82,55,50,42,35,22,43,22,25,33,19,20,40,10,20,47,28,37,49,29,30,31
394803,173,"Longview, TX",msa,TX,,,,,,,,,,,,,,,,,,,,,,,,,,,,,,,,,,,,,,8,22,15,11,20,9,13,17,14,11,18,11,15,14,19,14,15,14,14,18,12,15,14,13,12,14,18,21,18,15,6,17
395229,174,"Wilmington, NC",msa,NC,92,107,166,117,126,123,68,95,20,74,69,46,39,44,68,52,73,83,72,83,55,71,65,96,68,76,98,79,95,151,148,133,124,118,124,147,91,114,195,140,143,137,132,133,114,106,127,191,117,122,152,147,123,137,139,108,106,99,113,124,84,93,117,103,131,127,114,127,96
395061,175,"San Luis Obispo, CA",msa,CA,23,10,22,16,26,23,21,20,25,12,13,16,8,9,16,16,21,22,15,13,18,24,22,20,18,22,25,13,16,19,20,32,23,29,18,28,21,26,34,16,15,24,18,23,22,12,14,13,11,14,11,6,10,6,16,9,9,11,11,9,7,7,13,7,15,7,11,9,5
753875,176,"Crestview, FL",msa,FL,80,81,65,80,104,57,56,43,47,55,48,65,46,70,75,67,80,72,60,56,56,59,56,63,39,49,57,46,53,109,108,112,89,84,72,96,110,146,184,160,176,204,209,173,195,185,172,249,166,173,235,182,181,220,174,179,180,141,122,171,100,143,253,175,179,190,148,173,132
394851,177,"Merced, CA",msa,CA,79,67,88,52,62,103,79,91,55,82,88,56,69,60,76,58,85,73,95,72,46,81,70,48,70,54,58,50,66,63,87,67,54,47,25,31,19,20,33,18,33,50,29,55,60,38,53,108,76,78,117,71,58,73,52,37,40,22,8,12,7,8,13,10,16,16,17,14,19
395197,178,"Waco, TX",msa,TX,21,16,38,40,48,40,45,24,34,34,29,29,19,21,19,30,25,30,31,22,20,12,9,19,9,11,15,19,26,30,24,27,21,30,22,29,22,18,22,19,20,21,22,19,17,35,24,33,30,19,37,31,31,32,28,39,27,34,23,30,18,36,60,42,33,27,21,40,25
394447,179,"Cedar Rapids, IA",msa,IA,33,32,65,52,63,50,53,43,41,41,40,23,26,23,23,35,44,39,27,29,22,25,28,17,15,18,20,34,23,36,32,24,28,17,29,29,24,22,19,33,20,25,22,27,18,11,21,29,15,17,23,30,19,30,23,19,21,15,16,11,8,9,19,12,28,28,20,22,24
394348,180,"Atlantic City, NJ",msa,NJ,12,6,10,6,10,10,10,14,10,18,12,9,17,14,9,13,17,14,12,19,17,17,13,16,16,14,16,7,15,33,29,31,26,30,12,30,11,42,22,21,15,26,17,14,14,21,18,16,9,20,20,21,15,15,12,10,22,18,23,17,9,19,19,17,13,20,13,26,9
394412,181,"Bremerton, WA",msa,WA,55,39,43,35,41,41,30,30,30,29,29,37,37,42,58,50,69,48,44,55,43,40,39,65,26,29,47,18,22,46,41,34,47,47,39,49,29,26,74,61,38,47,43,67,59,55,62,60,61,63,63,59,51,53,24,51,74,39,62,58,24,75,60,44,67,75,47,55,55
394924,185,"Norwich, CT",msa,CT,,,,,,,,,,,,,,,,,,,,,,,,,,,,,,,,,,,,,,,,,,,,,,,,,,,,,,,,,,,,,,,,,,,8,9,10
394323,186,"Amarillo, TX",msa,TX,40,31,50,44,50,38,28,43,20,19,23,25,18,25,25,43,30,22,25,34,37,33,23,34,23,18,25,31,28,40,37,34,18,21,14,15,9,23,19,15,15,23,23,16,18,14,19,14,15,11,30,26,34,37,25,25,20,31,18,32,15,23,38,21,39,25,27,21,26
394772,187,"Laredo, TX",msa,TX,,,,,,,,,,,,,,,,,,,,,,,,,,,,,,,,,,,,,,,,,,,,,,,8,10,8,9,14,11,12,11,16,13,14,6,9,12,6,16,19,19,13,11,15,14,18
395171,188,"Tuscaloosa, AL",msa,AL,39,29,48,41,43,36,31,27,32,21,34,29,21,28,43,30,26,35,24,28,44,27,25,32,34,20,31,45,31,49,66,47,38,43,47,78,41,35,45,48,31,41,45,46,55,54,36,72,47,31,62,51,47,95,54,44,53,31,19,39,35,42,71,35,50,40,35,60,32
394483,189,"College Station, TX",msa,TX,22,20,46,39,46,42,60,28,30,16,18,21,16,9,27,26,28,32,32,13,10,7,14,15,5,7,15,24,11,22,32,13,20,40,28,32,25,12,45,30,59,49,26,42,52,28,49,39,21,45,49,32,43,42,34,29,27,38,31,64,37,29,84,39,61,40,33,35,22
394732,190,"Kalamazoo, MI",msa,MI,19,16,27,14,23,27,14,23,17,11,8,8,10,14,15,22,21,24,10,13,12,16,10,7,12,9,16,9,8,,32,35,33,27,23,28,23,12,24,21,15,27,23,22,18,20,21,24,23,8,23,21,18,25,14,20,22,13,16,15,6,10,10,12,19,18,12,10,12
394811,191,"Lynchburg, VA",msa,VA,,,,,,,,,,,,,,,,,,,,,,,,,,,,,,,,,,,,,,10,8,21,34,39,34,34,35,19,20,36,27,19,25,31,28,27,11,25,39,23,16,24,12,21,39,23,24,25,22,28,27
395240,193,"Yakima, WA",msa,WA,,,,,,,,,,,,,,,,,,,,,,,,,,,,,,,,,,,,,,5,7,15,11,10,10,20,13,16,11,24,21,19,21,23,25,38,24,26,15,18,13,19,9,6,12,17,18,18,12,18,20
394585,194,"Fargo, ND",msa,ND,33,36,33,43,70,79,61,66,43,68,56,43,28,16,27,33,44,56,42,45,44,37,35,26,7,16,15,20,45,53,51,34,34,40,35,37,31,18,31,25,55,77,43,44,49,62,26,25,20,13,19,23,24,37,44,51,45,41,32,37,8,19,29,28,53,74,48,44,33
394609,196,"Fort Smith, AR",msa,AR,,,,,,,,,,,,,,,,6,8,12,7,7,9,5,9,7,6,9,10,6,11,16,18,14,19,16,9,9,14,8,20,25,17,20,24,18,19,27,19,20,14,7,19,23,16,16,22,15,18,15,12,14,10,12,8,16,20,13,18,12,14
394334,197,"Appleton, WI",msa,WI,9,10,16,18,11,20,20,9,8,7,12,12,10,8,11,16,17,15,16,13,13,8,9,10,11,16,20,17,18,31,38,24,31,29,14,16,16,14,17,23,17,22,21,21,16,19,17,27,10,13,29,25,32,29,25,24,26,18,20,16,9,10,35,15,21,24,13,18,24
845160,198,"Prescott Valley, AZ",msa,AZ,47,32,48,50,36,54,52,48,33,49,45,48,26,39,51,41,46,43,56,46,32,45,36,47,32,24,35,59,37,39,50,51,71,64,57,35,28,45,38,45,46,45,33,31,39,43,47,49,38,46,42,47,40,21,25,33,47,43,27,50,25,25,36,40,54,42,40,51,34
394813,200,"Macon, GA",msa,GA,,,,,,,,,,,7,14,17,16,20,19,27,18,17,20,15,33,11,19,19,22,30,27,39,45,47,34,36,40,19,30,20,31,39,44,37,58,44,45,48,35,60,62,77,68,60,63,58,53,52,42,42,23,34,42,15,24,47,28,19,31,23,35,33
394361,202,"Barnstable Town, MA",msa,MA,,,,,,,,,,,,,,,,,,,,,,,,,,,,,,,,,,,,,,,,,,,,,,,,,,,,,,,,,,,,,,7,20,17,9,8,9,11,8
394519,203,"Daphne, AL",msa,AL,47,72,109,91,72,98,62,72,55,57,54,55,38,48,63,44,49,63,63,45,54,48,75,59,47,45,77,76,66,133,65,90,65,108,85,97,131,165,218,162,167,242,141,149,204,132,161,260,172,221,302,197,202,192,169,136,226,151,148,160,102,158,237,151,173,245,151,147,178
394378,205,"Bellingham, WA",msa,WA,33,38,43,51,42,48,43,43,33,29,38,19,37,39,32,39,41,42,32,39,34,26,30,28,23,28,30,18,21,51,36,35,20,24,31,29,31,25,26,23,17,12,40,26,32,32,16,35,27,21,38,29,27,22,13,19,22,33,25,22,14,22,46,35,35,24,19,27,25
395030,207,"Rochester, MN",msa,MN,25,24,51,28,52,48,42,32,33,36,23,17,25,25,20,31,26,41,23,32,23,26,26,18,17,23,34,29,27,37,37,38,30,39,30,29,19,17,30,25,31,33,24,23,17,30,12,15,28,17,33,22,29,23,13,28,16,17,12,12,9,9,21,27,22,32,15,12,24
753895,208,"Lafayette, IN",msa,IN,,,,,,,,,,,,,,,,,,,,,,,,,,,,,,,,,,,,,,,,,,,,,,,,,,,,,,,,,,,,,,10,22,26,11,12,14,12,5
394848,210,"Medford, OR",msa,OR,24,29,45,50,18,30,26,20,16,27,18,8,6,10,26,25,17,17,14,23,19,21,19,21,28,11,25,21,26,24,34,43,47,47,32,25,13,37,28,30,31,45,36,24,29,34,24,56,42,40,50,63,38,37,37,36,33,32,19,20,26,23,26,30,35,27,21,24,25
394459,212,"Charlottesville, VA",msa,VA,13,17,20,26,33,26,22,23,15,11,22,23,22,16,17,16,21,17,25,17,11,13,7,20,18,13,30,25,20,20,17,19,19,22,20,29,30,17,48,58,56,59,49,54,43,62,39,69,37,44,57,32,52,57,42,59,45,43,45,31,32,26,37,34,49,40,47,39,46
394763,213,"Lake Charles, LA",msa,LA,,,,,,,,,,,,,,,,,,,,,,,,,,,,,,,,,,,,55,22,22,36,54,39,57,44,43,,46,39,31,46,39,40,31,34,38,28,23,34,16,11,18,9,16,35,15,16,33,26,21,18
394464,215,"Chico, CA",msa,CA,21,18,34,20,20,21,31,28,14,29,24,27,39,18,27,19,21,16,23,9,20,11,14,10,5,7,12,13,10,19,21,23,14,11,20,28,10,15,21,19,24,27,15,14,10,17,16,18,21,30,22,29,27,28,20,22,15,26,23,15,11,31,17,19,24,28,20,22,20
394681,216,"Hilton Head Island, SC",msa,SC,90,82,113,103,109,95,80,77,71,66,48,59,46,49,61,61,57,51,54,71,66,77,46,66,40,48,62,58,45,65,80,79,57,54,57,76,68,55,67,82,89,93,86,88,113,106,106,153,70,70,96,87,85,69,95,86,90,101,90,146,54,54,65,98,111,129,127,137,150
394346,217,"Athens, GA",msa,GA,46,46,73,74,62,67,37,65,34,23,41,25,25,33,39,47,53,60,47,44,34,38,66,80,33,59,77,42,48,70,71,66,57,73,59,78,38,45,53,61,50,33,48,50,30,30,37,56,28,64,43,38,45,46,50,36,37,27,33,37,38,35,39,61,62,55,67,44,31
394765,218,"Lake Havasu City, AZ",msa,AZ,47,40,70,66,68,56,46,47,52,58,44,49,43,46,88,71,55,69,65,58,45,45,53,61,50,66,71,50,61,86,79,74,91,65,67,74,54,76,96,91,88,97,88,104,77,77,63,117,107,103,97,98,101,111,75,68,88,54,68,91,61,46,77,74,68,94,81,76,43
394485,219,"Columbia, MO",msa,MO,,,,,,,,,,,,,,,,,,,,,,,12,6,10,8,20,12,16,17,13,23,12,9,13,12,11,18,24,21,23,34,22,22,19,32,20,37,15,28,34,23,23,25,16,14,12,20,20,10,9,23,22,31,38,32,39,26,28
394726,224,"Johnson City, TN",msa,TN,,,,,,,,,,,,,,,,,,,,,,,,,,,6,13,11,14,18,32,24,15,13,26,14,11,26,32,20,23,13,26,13,22,16,45,24,22,33,20,25,27,25,23,24,24,16,16,6,17,27,27,31,42,22,16,17
395247,225,"Yuma, AZ",msa,AZ,20,22,20,17,32,44,24,39,51,65,64,81,47,69,47,33,32,27,33,40,26,31,23,43,26,20,22,30,25,24,29,17,18,21,18,17,14,16,15,24,28,28,11,17,21,21,27,56,31,40,49,43,46,42,26,30,24,26,16,20,14,23,19,26,24,17,11,8,17
394623,226,"Gainesville, GA",msa,GA,73,74,112,75,119,96,64,46,59,56,47,52,46,42,65,70,56,58,52,61,59,59,48,65,48,55,94,67,64,122,125,116,102,88,98,88,65,80,125,92,71,74,51,72,46,58,75,88,45,54,94,50,69,61,46,45,60,57,46,61,43,58,58,62,72,66,63,64,61
394716,227,"Jacksonville, NC",msa,NC,65,82,70,81,92,98,82,76,29,58,56,62,51,52,64,78,77,58,51,53,46,58,62,62,60,80,108,101,89,115,148,109,101,91,98,89,69,68,86,88,68,103,86,103,92,96,78,131,69,102,111,76,98,127,110,117,101,109,100,101,74,94,108,79,114,105,102,82,81
394597,228,"Florence, SC",msa,SC,10,22,21,7,15,32,19,14,17,16,22,18,11,22,13,25,24,16,23,17,23,15,15,21,11,16,16,14,16,18,22,30,29,12,15,19,28,20,16,16,23,23,29,33,24,24,28,58,46,31,55,46,40,30,27,42,43,30,22,26,29,25,34,43,43,28,50,28,42
394680,229,"Hilo, HI",msa,HI,17,10,14,9,9,5,14,9,5,6,7,12,14,16,18,9,18,8,11,6,9,12,15,14,11,7,9,5,7,10,16,14,14,19,27,21,15,22,25,22,15,18,20,27,16,16,22,33,19,18,27,21,23,29,21,20,24,19,21,19,10,15,17,18,22,20,20,23,15
395118,230,"St. Cloud, MN",msa,MN,,,,,,,,,,,,,5,5,11,14,18,13,18,21,15,14,10,8,5,6,18,5,18,21,11,16,19,14,17,17,12,13,9,13,19,15,15,13,18,21,9,9,12,14,15,24,19,18,11,15,7,16,6,13,9,9,8,14,12,17,9,17,13
394380,232,"Bend, OR",msa,OR,96,103,143,102,125,102,99,93,92,81,84,66,51,47,78,80,102,84,60,73,69,56,50,58,53,49,70,69,71,80,141,95,109,87,74,73,69,101,117,127,126,134,166,94,155,113,111,111,91,100,118,88,111,76,77,89,95,85,68,60,46,55,98,70,74,74,58,84,60
395047,233,"Saginaw, MI",msa,MI,,,,,,,,,,,,,,,,,,,,,,,,,,,,,,,,,,,,,,,,,,,,,,,,,,,,,,,,,,,,,,,,,,,,,5
395202,234,"Warner Robins, GA",msa,GA,69,103,111,91,91,80,68,64,49,44,65,57,53,55,66,61,67,73,63,75,46,58,48,65,49,53,80,79,92,100,97,77,63,65,73,98,70,95,103,125,82,88,98,90,100,88,129,136,79,101,135,111,98,124,112,90,85,93,100,96,68,73,99,61,62,99,83,76,75
395009,237,"Punta Gorda, FL",msa,FL,48,51,55,62,103,83,36,65,89,76,73,84,63,62,60,70,62,58,47,58,74,68,57,65,55,49,77,58,74,101,93,88,83,84,94,97,73,79,109,98,94,98,81,79,73,65,66,95,85,86,71,70,96,78,80,74,59,52,51,79,51,85,115,106,127,107,107,120,117
394960,242,"Panama City, FL",msa,FL,58,36,50,48,61,69,49,48,35,22,27,58,43,47,65,54,55,52,45,49,37,43,33,22,50,31,51,43,85,150,114,99,95,106,84,70,106,117,155,109,114,125,105,93,104,88,100,104,75,89,160,105,75,134,67,76,73,80,70,115,73,87,141,107,142,153,115,114,98
394539,244,"Dover, DE",msa,DE,79,66,89,78,92,92,71,78,46,18,25,25,10,23,19,27,24,21,15,12,17,16,19,33,16,22,20,21,20,26,31,31,31,49,30,33,33,23,36,28,25,29,45,33,20,41,40,55,61,42,50,34,49,35,37,28,39,49,26,33,27,32,44,43,37,33,25,32,19
395246,247,"Yuba City, CA",msa,CA,,,,,,,,,,,,,,,,,,,,,,,,,,,,,,,,,,,,,,,,,,,,,,,,,,,,,,,,,,,,,,,,,,,9,7,19
394406,248,"Bowling Green, KY",msa,KY,,,,,,,,,,,,,,,,,,,,,,,,,,,,,,,,,,,,,7,6,10,7,12,8,11,11,11,20,22,33,30,42,41,42,49,35,35,30,49,46,30,40,24,29,46,46,46,52,35,36,28
395119,249,"St. George, UT",msa,UT,42,50,60,35,52,25,33,23,16,20,15,18,17,7,19,20,17,21,22,24,14,15,16,18,14,13,9,20,11,24,50,45,31,25,13,19,21,28,37,30,23,16,28,25,33,23,34,54,32,36,41,22,25,36,15,29,31,18,22,36,16,20,27,31,47,30,39,28,25
394299,251,"Abilene, TX",msa,TX,17,29,34,22,26,26,19,26,22,12,14,19,11,11,19,21,21,14,29,24,18,20,7,20,15,20,18,24,18,24,38,27,22,31,26,32,18,12,33,15,36,30,31,28,21,29,25,30,26,29,29,33,32,27,41,38,25,30,21,26,10,31,39,26,38,31,23,24,24
394707,252,"Iowa City, IA",msa,IA,14,14,36,37,62,84,58,50,35,34,32,21,11,18,19,21,32,36,34,18,15,20,9,10,13,12,20,32,31,35,41,27,27,23,12,27,9,10,21,27,37,49,44,44,21,31,33,42,26,29,39,51,43,40,38,29,21,27,22,12,8,22,25,40,43,45,22,27,21
394351,253,"Auburn, AL",msa,AL,24,21,52,40,39,47,32,27,13,14,30,28,19,12,18,17,20,17,19,13,11,16,15,18,12,20,16,14,27,29,28,29,31,36,21,25,17,17,34,,73,72,78,80,92,88,78,93,60,79,90,90,86,94,74,85,72,60,73,75,50,59,76,56,58,69,61,67,60
394860,254,"Midland, TX",msa,TX,60,58,57,66,64,30,25,21,17,16,16,16,13,14,17,18,14,11,15,12,11,12,16,16,8,6,15,10,7,18,12,14,17,20,20,14,9,9,24,20,24,20,11,16,21,9,12,26,19,24,36,25,15,25,16,20,22,16,32,35,21,46,34,19,19,20,26,14,14
753869,255,"Bloomington, IL",msa,IL,,,,,,,,,,,,,,,,,,,,,,,,,,,,,,,,,,,,,,,,,,,,,,,,,,,,,,,,,,,,,,9,10,12,13,16,5,10,10
394555,258,"Eau Claire, WI",msa,WI,,,,,,,,,,,,,,,,,,,,,,,,,,,7,10,10,15,15,12,11,24,13,9,9,11,18,19,23,25,24,27,25,21,19,15,17,15,25,29,29,26,24,17,27,9,11,10,11,13,12,18,22,18,16,13,8
394651,259,"Greenville, NC",msa,NC,37,23,44,45,49,53,34,37,16,22,19,24,9,18,17,12,22,17,12,12,11,11,12,31,25,28,51,37,32,39,53,33,48,37,41,36,34,24,42,40,34,50,28,31,28,66,23,47,34,44,55,31,43,59,26,31,31,26,32,47,26,32,55,30,45,44,28,45,46
394428,260,"Burlington, NC",msa,NC,39,41,55,46,34,23,27,23,23,20,19,26,19,26,39,22,41,36,21,24,16,33,22,47,12,18,26,20,38,39,38,22,33,29,27,44,29,29,27,22,20,25,26,30,41,21,26,57,28,27,50,26,43,31,38,33,40,30,20,57,22,18,75,50,50,57,34,52,36
395007,264,"Pueblo, CO",msa,CO,27,34,36,26,42,30,28,36,20,26,27,24,19,26,23,17,29,20,24,16,11,22,25,23,7,11,22,25,17,19,31,26,27,31,23,26,26,23,31,33,18,28,30,28,27,28,25,35,31,38,46,34,36,39,25,30,29,27,26,22,18,29,35,37,31,31,14,21,17
394720,268,"Janesville, WI",msa,WI,,,,,,,,,,,,,,,,,,,,,,,,,,,,,,,,,,,,,,,,,,,,,,,,,,,,,,,,,,,,,,5,20,13,10,14,16,17,12
394393,270,"Bloomington, IN",msa,IN,,,,,,,,,,,,,,,,,,,,,,,,,,,,,,,,,,,,,,11,9,18,12,13,22,12,20,15,15,10,15,8,20,15,27,16,12,19,15,14,7,9,10,14,15,13,17,11,9,10,8
395079,274,"Sebastian, FL",msa,FL,36,29,26,31,33,34,27,36,44,34,36,39,32,32,39,20,31,35,48,25,29,45,44,37,15,24,44,26,33,34,48,55,48,32,26,26,23,35,82,52,38,25,28,42,39,42,39,59,39,38,46,28,31,32,31,47,22,20,25,22,12,19,33,20,30,31,35,28,36
394814,275,"Madera, CA",msa,CA,,,,,,,,,,,,,,,,,,,,,,,,,,,,,,,,,,,,,,,,,,,,,,,,,,,,,,,,,,,,,,10,22,26,32,42,27,34,20
394703,279,"Idaho Falls, ID",msa,ID,,,,,,,,,,,,,,,,,,,,,,,,,,5,7,15,7,8,12,11,9,9,12,12,10,12,13,20,20,10,14,18,24,21,25,24,17,20,24,20,33,23,22,29,37,22,27,20,28,23,38,29,31,20,18,22,24
394639,280,"Grand Junction, CO",msa,CO,45,46,56,64,40,33,34,30,30,28,23,16,11,25,31,23,22,14,16,20,18,14,14,12,13,20,29,21,18,37,30,28,24,16,24,31,22,20,31,33,29,32,35,29,28,38,37,60,25,34,49,38,33,32,22,21,36,26,23,21,21,13,16,34,36,29,17,29,21
394563,281,"Elizabethtown, KY",msa,KY,,,,,,,,,,,,,,,,,,,,,,,,,,,,,,,,,,,,,,,,,,,,,,,,,,,,,,,,,,,,11,9,21,26,24,33,28,21,16,22
394917,282,"Niles, MI",msa,MI,,,,,,,,,,,,,,,,,,,,,,,,,,,,,,,,,,,,,,,,,,,,,,,,,,,,,,,,,,,,,,,,,,,7,10,7
395066,284,"Santa Fe, NM",msa,NM,,,,,,,,,,,,,,,,,,,,,,,,,,,,,,,,,,,,,,,,,,,,,,,,,,,,,,,,,,,,,6,13,7,8,12,9,16,12,11
394314,286,"Alexandria, LA",msa,LA,,,,,,,,,,,,,,,,,,,,,,,,,,,,,,,,,,,,,,,,,,,,,,,,,,,,,,,,,,,,5,6,6,14,7,5,7,12,18,13
395163,287,"Traverse City, MI",msa,MI,,,,,,,,,,,,,,,,,,,,,,,,,,,,,,12,11,20,16,24,12,8,14,8,13,19,10,11,17,19,12,17,10,28,10,14,17,10,8,13,7,13,19,6,9,12,17,13,24,16,15,13,16,11,7
394685,289,"Homosassa Springs, FL",msa,FL,28,20,38,22,30,30,22,31,16,20,12,18,15,19,22,21,29,20,28,25,20,18,12,19,17,19,26,19,24,29,29,31,31,18,23,23,23,32,42,43,33,33,25,27,29,31,26,44,29,33,46,48,41,44,47,42,52,60,33,52,31,48,70,50,55,64,52,55,65
394662,290,"Hanford, CA",msa,CA,,,,,,,,,,,,,,,,,,,,,,,,,,,,,,,,,,,,,,,,,,,,,,,,,,,,,,,,,,,,,,,,,,,9,6,10
394723,291,"Jefferson City, MO",msa,MO,,,,,,,,,,,,,,,,,,,,,,,,,,,,,,,,,,,,,,,,,,,10,7,5,10,10,14,8,5,7,10,9,8,5,6,10,6,5,5,5,6,14,9,8,11,6,5,7
394598,292,"Florence, AL",msa,AL,,,,,,,,,,,,,,,,,,,,,,,,,,,,,,,,,,,,,,,,,,,,10,10,10,9,11,6,6,13,13,13,5,10,11,6,6,10,13,14,14,21,12,18,15,16,21,7
394537,293,"Dothan, AL",msa,AL,,,,,,,,,,,,,,,,,,,,,,,,,,,,,,,,,11,14,11,9,8,8,13,26,25,26,14,16,19,16,11,16,12,8,25,21,25,23,21,19,30,24,15,22,10,19,31,15,17,20,19,17,11
395102,297,"Sioux City, IA",msa,IA,,,,,,,,,,,,,,,,,,,,,,,,,,,,,,,,,,,,,,,,,,,,,,,,,,,,,,,,,,,,,,,,,,,,5,
395182,300,"Valdosta, GA",msa,GA,16,24,20,31,19,34,17,23,15,15,18,10,19,26,12,26,26,35,25,14,11,23,22,24,15,17,35,28,24,24,31,19,30,15,16,27,9,12,22,14,21,22,28,27,23,21,24,22,19,26,28,24,16,22,18,23,9,17,24,14,15,16,12,15,22,23,29,13,18
394800,301,"Logan, UT",msa,UT,,,,,,,,,,,,,,7,11,12,12,8,14,7,11,11,15,13,17,20,13,13,20,12,20,13,18,14,9,7,10,6,11,21,14,14,20,15,10,14,16,18,16,26,32,18,23,25,25,24,22,16,19,25,12,12,27,25,22,31,26,16,14
394595,302,"Flagstaff, AZ",msa,AZ,,,,,,,,,,,,,,,,,,,,,,,,,,,,,,,,,,,,,,,,,,,,,,,,,,,,,,,,,,,,,,,10,7,18,14,9,5,8
395036,303,"Rocky Mount, NC",msa,NC,,,,,,,,,,,,,,,,,,,,,,,,,,,,,,,,,,,,,,,21,16,15,31,37,17,35,20,25,34,29,28,45,40,46,24,20,25,26,28,22,34,15,18,38,36,22,30,28,28,26
394880,307,"Morristown, TN",msa,TN,,,,,,,,,,,,,,,,,,,,,,,,,,,,,,,,,,,,,,,,9,12,10,11,9,13,5,10,17,8,10,14,16,22,18,19,13,22,13,18,12,11,18,40,31,42,34,20,32,21
395232,308,"Winchester, VA",msa,VA,,,,,,,,,,,,,,,,,,,,,,,,,,,,8,7,11,14,21,17,11,9,12,8,11,13,17,19,17,15,13,18,27,17,36,13,13,19,33,17,21,15,17,10,14,17,12,8,14,24,21,21,26,19,32,32
395013,313,"Rapid City, SD",msa,SD,,,,,,,,,,,,,,9,10,13,11,14,13,18,15,7,12,6,6,10,9,10,11,12,14,14,6,12,8,7,7,15,21,19,18,24,23,18,28,24,26,26,25,42,32,33,28,39,36,29,21,21,20,25,17,21,30,28,33,34,22,31,29
395139,314,"Sumter, SC",msa,SC,,,,,,,,,,,,,,,,,,,,,,,,,,,,,,,,,,,,,,,,,,,,,,,,,,,,,,,,,,,,,,7,20,7,28,34,23,31,12
395094,319,"Sherman, TX",msa,TX,20,19,27,17,13,21,14,17,12,15,12,17,8,14,12,19,18,8,8,13,12,26,30,27,21,20,26,23,36,42,56,50,35,43,17,27,26,25,26,29,20,26,45,17,19,21,22,35,22,29,55,36,41,58,36,44,41,35,35,65,46,80,95,64,75,53,67,55,52
394728,323,"Jonesboro, AR",msa,AR,,,,,,,,,,,,,,,,,,,,,,,,13,7,5,16,23,18,23,21,20,13,12,23,23,14,15,18,22,15,19,23,14,22,28,13,25,7,24,8,19,28,22,21,18,11,13,12,16,11,19,25,17,14,21,25,22,13
394661,325,"Hammond, LA",msa,LA,,,,,,,,,,5,8,10,10,20,21,18,16,17,21,38,17,19,18,12,26,24,27,23,17,43,39,25,29,27,21,22,20,15,13,21,15,18,17,8,12,19,15,14,14,12,14,17,13,21,19,39,37,29,14,25,16,19,30,31,32,26,29,23,29
395153,329,"The Villages, FL",msa,FL,,,,,,,,,,,,,,,,,,,,,,,,,,,,,,,,,,,,,,,,,,17,15,10,17,13,10,26,11,5,22,8,10,20,7,13,17,18,11,32,18,17,30,28,21,27,18,18,19
394474,334,"Cleveland, TN",msa,TN,17,21,25,25,18,19,15,21,7,11,14,13,6,7,5,10,9,20,9,16,6,8,6,7,6,6,9,7,7,14,19,22,19,21,12,21,14,15,23,38,31,28,24,34,30,32,29,52,30,18,49,30,30,36,21,31,52,35,38,46,23,24,33,33,36,33,34,28,24
395128,338,"Staunton, VA",msa,VA,,,,,,,,,,,,,,,,,,,,,,,,,,,,,,,,,,,,,,,,,,,,,,,,,,5,14,9,7,12,5,8,8,9,6,11,6,7,8,11,12,14,7,9,5
394905,341,"New Bern, NC",msa,NC,9,5,15,14,21,20,21,17,11,15,16,16,20,16,18,13,13,13,12,13,17,25,6,10,12,11,13,16,14,21,20,21,25,26,14,35,55,42,,32,21,34,37,44,34,25,32,45,41,36,56,50,34,39,46,45,43,50,42,37,43,29,35,24,21,30,23,28,50
395120,343,"St. Joseph, MO",msa,MO,,,,,,,,,,,,,,,,,,,,,,,,,,,,,,,,,,,,,,,,,,,,,,,,,,,,,,,,,,,,,,,,,,,,,6
395218,345,"Wenatchee, WA",msa,WA,15,11,25,24,29,11,16,14,16,19,18,12,17,18,13,19,16,25,20,14,13,22,21,10,17,14,18,15,14,21,40,20,19,12,11,7,9,8,19,28,27,24,23,19,19,20,23,21,16,12,20,27,27,22,16,20,18,15,19,13,8,13,16,14,15,15,6,9,5
753890,347,"Holland, MI",msa,MI,,,,,,,,,,,,,,,,,,,,,,,,,,,,,,,,,,,,,,,,,,,,,,,,,,,,,,,,,,,,,,,16,6,7,9,9,10,11
394810,348,"Lumberton, NC",msa,NC,,,,,,,,,,,,,,,,,,,,,,,,,,,,,,,,,,,,,,,,,,,,,,,,,,,,,,,,,,,,,,7,15,12,15,21,13,16,13
394635,350,"Goldsboro, NC",msa,NC,7,14,27,8,22,21,9,12,13,10,22,11,17,7,18,12,24,15,21,10,8,11,19,14,16,18,21,16,20,15,18,22,23,25,16,19,15,17,25,26,35,18,20,31,13,24,16,18,21,16,33,23,27,25,20,23,14,24,21,13,16,21,29,21,17,18,11,28,18
394867,354,"Missoula, MT",msa,MT,,,,,,,,,,,,,,,,,,,,,,,,,,,,,,,,,,,,,,,,,,,,,,,,,,,,,,,,,,,,,12,20,29,22,39,20,20,14,13
394407,356,"Bozeman, MT",msa,MT,33,36,43,46,45,51,43,47,28,25,23,23,10,19,19,20,19,10,18,20,33,11,24,33,25,19,48,24,27,46,56,47,51,45,27,24,25,28,24,41,24,33,22,25,29,19,34,26,24,19,30,19,18,31,12,21,13,19,15,25,10,14,23,19,36,25,10,13,18
394423,360,"Brunswick, GA",msa,GA,14,27,40,19,22,26,22,21,15,14,15,11,11,12,23,12,13,20,12,15,10,16,12,9,10,18,14,10,15,19,22,14,25,17,5,5,10,9,20,34,16,27,15,32,25,35,31,37,26,19,33,31,23,26,19,34,17,23,15,20,21,19,29,31,39,25,20,19,20
395173,361,"Twin Falls, ID",msa,ID,18,13,11,13,24,25,19,17,11,17,20,7,17,9,9,15,20,11,10,16,24,9,19,22,17,14,34,17,14,24,22,15,32,23,18,38,10,18,12,13,12,15,19,31,19,22,16,21,11,28,24,31,22,19,27,21,19,23,25,21,6,17,29,25,28,18,18,26,16
753872,361,"California, MD",msa,MD,16,12,12,12,27,23,10,17,8,8,11,16,18,10,18,19,16,24,17,11,12,12,18,22,12,14,22,12,13,14,15,27,19,20,13,15,12,8,22,26,20,21,11,19,14,9,17,25,7,15,14,14,11,15,15,13,9,9,11,11,6,11,15,7,7,13,7,7,5
395095,372,"Show Low, AZ",msa,AZ,,,,,,,,,,,,,,,,,,,,,,,,,,,,,,,,,,,,,,,,,,,,,,,,,,,,,,,,,,,,,,,,,,,,15,16
395023,373,"Richmond, KY",msa,KY,,,,,,,,,,,,,,,,,,,,,,,,,,,,14,22,24,19,16,19,12,17,17,13,11,11,17,34,21,31,31,33,30,21,45,25,22,32,36,32,24,27,28,47,28,31,22,18,21,42,35,37,20,24,24,11
395168,374,"Tullahoma, TN",msa,TN,18,16,32,22,27,30,29,31,26,36,27,25,7,17,25,23,21,11,22,16,13,14,12,11,15,13,15,23,15,24,21,31,26,25,27,25,12,23,25,33,40,38,29,39,32,36,28,29,16,25,27,31,30,43,26,28,28,14,21,23,19,19,19,29,31,29,31,26,16
395222,375,"Whitewater, WI",msa,WI,,,,,,,,,,,,,,,,,,,,,,,,,,,,,,,,,,,,,,,,,,,,,,,,,,,,,,,,,,,,,,,,,,8,7,8,11
394762,379,"LaGrange, GA",msa,GA,,12,24,24,13,12,12,12,11,6,13,13,10,9,13,20,12,17,15,12,9,9,22,10,8,5,14,15,15,22,26,14,15,25,19,17,17,12,29,24,19,34,18,17,15,33,20,21,7,9,15,15,28,13,16,20,30,12,13,12,7,8,12,9,28,10,9,21,18
394733,384,"Kalispell, MT",msa,MT,11,9,12,15,10,17,12,13,5,9,9,16,13,12,17,14,15,24,10,17,20,17,18,14,6,14,19,21,8,19,26,30,31,29,24,24,27,18,37,24,33,43,38,27,27,38,34,30,33,15,26,24,30,20,21,20,21,18,19,7,16,14,27,32,26,24,12,16,18
395166,389,"Truckee, CA",msa,CA,,,,,,,,,,,,,,,,,,,,,,,,,,,,,,,,,,,,,,,,,,,,,,,,,,,,,,,,,,,,,,,,,,,,8,7
395080,390,"Sebring, FL",msa,FL,,,,,,,,,,,,,,,,,,,,,,,,,,,,,,,,,,,,,,,,,,,,,,,,9,5,28,10,7,13,15,16,11,11,9,12,14,8,13,18,14,21,24,18,21,16
394462,391,"Cheyenne, WY",msa,WY,,,,,,,,,,,,,,,,,,,,,,,,,,,,,,,,,,,,,,20,18,21,23,26,18,24,22,33,34,36,17,28,34,31,32,24,21,18,18,14,14,10,10,8,12,10,12,20,14,12,18
395090,394,"Shelby, NC",msa,NC,,,,,,,,,,,,,,,,,,,,,,,,,,,,,,,,,,,,,,,,,,,,,,,,,,,,,,,,,,,10,9,6,12,17,11,32,19,15,16,12
753912,398,"Pinehurst, NC",msa,NC,24,24,39,56,47,37,43,35,24,42,29,34,20,25,35,47,50,44,41,34,24,32,27,31,25,30,33,34,37,40,73,63,39,49,43,51,42,39,68,64,40,44,32,31,47,43,48,81,66,39,49,55,53,35,26,42,36,40,39,59,34,42,77,43,71,75,40,38,44
395038,401,"Rome, GA",msa,GA,,,,,,,,,,,,,,,,,,,,,,,,,,,,,,,,,,,,,,,,,,,,,,,,,,,,,,,,,,,,,,,,,,,,11,8
395086,402,"Sevierville, TN",msa,TN,17,16,34,18,24,24,19,29,28,32,18,20,11,21,18,17,16,12,10,17,14,16,13,21,11,11,5,16,15,14,25,30,31,29,14,21,23,19,29,30,24,29,34,26,46,37,39,42,25,31,34,27,33,45,36,44,57,47,38,54,21,23,20,19,25,28,24,38,27
394882,403,"Moses Lake, WA",msa,WA,,,,,,,,,,,,,,,,,,,,,,,,,,,,,10,10,20,6,10,8,13,16,11,11,9,14,8,16,17,26,22,29,22,33,17,18,24,25,22,18,19,20,28,22,17,13,10,8,7,15,20,19,11,15,18
394928,410,"Ocean City, NJ",msa,NJ,9,5,8,12,15,18,13,13,12,18,21,8,7,9,15,14,14,6,16,23,14,15,14,14,22,14,18,12,14,23,22,25,18,18,24,14,13,17,21,18,23,20,25,13,21,7,20,17,13,15,18,14,21,17,20,16,11,21,9,18,10,9,16,17,27,20,17,16,17
753887,417,"Hermiston, OR",msa,OR,,,,,,,,,,,,,,,,,,,,,,,,,,,,,,,,,,,,,,,,,,,,,,,,,,,,,,,,,,,,,,,12,13,11,12,14,18,14
394641,422,"Grants Pass, OR",msa,OR,,,,,,,,,,,,,,,,,,,,,,,,,,,,,,,,,,,,,,,,,,,,,,,,,,,,,,,,,,,,,,,,,,,,,6
394511,424,"Cullman, AL",msa,AL,,,,,,,,,,,5,5,7,6,5,10,10,12,8,9,8,14,10,7,13,6,9,11,7,19,16,11,11,12,10,8,11,7,12,14,21,13,7,10,18,14,12,15,5,8,15,12,16,23,21,22,15,19,21,20,13,18,17,9,14,21,11,11,25
394644,433,"Great Falls, MT",msa,MT,,,,,,,,,,,,,,,,,,,,,,,,,,,,,,,,,,,,,,,,,,,,,,,,,,,,,,,,,,,,,,,,,,,,,5
394675,441,"Helena, MT",msa,MT,,,,,,,,,,,,,,,,,,,,,,,,,,,,,,,,,,,,,,,,,,,,,,,,,,,,,,,,,,,,,,,,,,,,17,6
394744,442,"Key West, FL",msa,FL,,,,,,,,,,,,,,,,,,,,,,,,,,,,,,,,,,,,,,,,,,,,,,,,,,,,,,,,,,,,,7,5,9,6,12,9,10,15,6
395133,444,"Stillwater, OK",msa,OK,,,,,,,,,,,,,,,,,,,,,,,,,,,,,,,,,,,,,,,,,,,,,,,,,,,,,,,,,,,,8,5,9,5,19,14,11,11,8,17
394345,446,"Athens, TX",msa,TX,,,,,,,,,,,,,,,,,,,,,,,,,,,,,,,,,,,,,,,11,10,9,11,7,10,22,12,12,15,13,18,15,18,19,21,20,29,12,6,10,8,5,7,6,8,14,9,10,20,12
394682,449,"Hinesville, GA",msa,GA,26,27,33,23,17,26,20,13,14,13,12,14,5,9,8,11,17,26,22,13,14,20,20,33,17,19,31,29,30,40,42,39,29,37,40,53,19,13,49,44,32,63,49,44,41,44,40,81,29,41,44,40,33,50,31,45,34,44,33,52,36,28,47,38,38,37,46,49,50
395126,453,"Statesboro, GA",msa,GA,,,,,,,,,,,,,,,,,,,,,,,,,,11,13,20,15,21,15,16,18,25,18,18,11,20,45,21,20,17,23,23,15,28,21,32,14,18,41,34,40,34,21,15,16,15,18,14,10,11,23,24,24,11,16,24,11
394445,454,"Casper, WY",msa,WY,,,,,,,,,,,,,,,,,,,,,,,,,,,,,,,,,,,,,,,,,,,,,,,,,,,,,,,,,,,,,,,,,,,,5,5
395231,455,"Wilson, NC",msa,NC,,,,,,,,,,,,,,,,,,,,,,,,,,5,5,9,11,9,6,10,10,6,10,7,10,8,7,12,14,18,13,13,14,7,9,10,21,8,11,14,11,19,16,22,20,13,9,13,7,9,21,13,13,22,16,14,17
753881,456,"Glenwood Springs, CO",msa,CO,,,,,,,,,,,,,,,,,,,,,,,,,,,,,,,,,,,,,,,,,,,,,,,,,,,,,,,,,,,,,,,,,,,,17,11
395085,457,"Seneca, SC",msa,SC,,,,,,,,,,,,,,,,,,,,,,,,,,,,,,,,,,,,,,,,,,,,,,,,,,,,,,,,9,11,11,9,7,6,9,13,14,16,7,9,7,6
395077,461,"Searcy, AR",msa,AR,,,,,,,,,,,,,,,,,,,,,,,,,,,,,,,,,,,,,,,,,,,,,,,,,,,,,,,,,,,,,,,,,7,10,10,9,5
394699,465,"Huntsville, TX",msa,TX,,,,,,,,,,,,,,,,,,,,,,,,,,,,,,9,7,6,7,12,6,13,8,18,20,13,,30,26,16,20,24,28,46,30,41,43,28,46,46,35,40,45,43,44,45,21,39,39,39,60,45,34,34,18
394674,467,"Heber, UT",msa,UT,,,,,,,,,,,,,,,,11,12,10,21,14,21,17,12,21,7,11,16,10,9,20,19,28,55,70,50,42,29,20,41,45,50,52,40,35,43,45,38,68,37,37,56,34,41,49,37,65,47,31,38,43,28,23,40,23,27,29,25,24,41
394298,473,"Aberdeen, WA",msa,WA,20,20,21,22,24,22,16,15,17,21,13,11,19,6,13,16,15,17,16,14,12,20,11,9,11,11,11,8,17,8,27,15,13,12,14,11,7,11,14,13,20,22,16,12,16,15,20,20,14,17,12,15,15,15,15,10,11,10,13,11,8,15,14,10,7,6,9,8,5
753893,477,"Jefferson, GA",msa,GA,55,89,130,81,84,76,72,57,58,55,49,46,38,41,57,56,66,91,54,67,52,55,62,96,58,55,71,75,72,104,95,67,87,78,58,101,57,119,108,75,63,70,67,59,63,76,94,95,63,64,81,77,55,86,82,74,42,56,31,100,63,79,117,99,105,104,92,67,74
394955,479,"Palatka, FL",msa,FL,,,,,,,,,,,,,,,,,,,,,,,,,,,,,,,,,,,,,,,,,,,,,,,,,,,,,,,,,,,,,,,,,,,,8,6
395088,482,"Shawnee, OK",msa,OK,,,,,,,,,,,,,,,,,,,,,,,,,,,,,,,,,,,,,,,,,,,,,,,,,,,,,,,,,,,,10,,7,11,7,17,16,7,8,9
394647,486,"Greeneville, TN",msa,TN,,,,,,,,,,,,,,,,,,,,,,,,,,,,,,,,,,,,,,,,,,,,,,,,,,,,,,,,,,,,,,,8,5,6,13,9,9,12
394877,491,"Morehead City, NC",msa,NC,,,,,,,,,,21,10,9,9,22,18,13,22,13,12,14,5,15,10,9,6,10,7,14,8,7,23,15,19,13,10,19,19,26,17,21,23,23,10,13,14,14,11,19,11,11,21,24,15,22,20,22,17,16,26,17,14,11,16,23,19,22,17,19,25
395092,510,"Shelton, WA",msa,WA,,,,,,,,,,,,,,,,,,,,,,,,,,,,,,,,,,,,,,,,,,,,,,,,,,,,,,,,,,,,,,9,6,8,8,16,7,19,9
394629,520,"Georgetown, SC",msa,SC,,,,,,,,,,,,,,,,,,,,,,,13,10,9,6,8,18,10,10,16,16,20,8,9,11,13,22,25,14,13,34,22,19,9,14,23,19,24,19,32,20,32,32,12,30,27,20,12,8,14,8,9,17,18,17,8,5,12
395063,522,"Sanford, NC",msa,NC,,,,,,,,,,,,,,,,,,,,,,,10,25,13,19,13,19,18,18,26,17,23,26,16,21,23,19,23,8,12,19,21,21,25,24,18,18,12,17,9,13,15,25,14,15,17,8,7,19,25,21,32,34,29,38,20,22,15
394309,526,"Albemarle, NC",msa,NC,,,,,,,,,,,,,,,,,,,,,,,,,,,,,,,,,,,,,,,,,,,,,,,,,,,,,10,13,19,14,13,23,15,41,23,15,38,36,30,38,22,22,22
394509,534,"Crossville, TN",msa,TN,,,,,,,,,,,,,,,,,,,11,9,8,7,8,9,9,7,6,13,7,10,12,20,19,12,12,8,8,6,9,8,9,7,11,9,9,13,16,14,12,10,16,12,13,8,5,13,10,13,7,7,13,10,11,7,13,15,9,16,7
845162,535,"Granbury, TX",msa,TX,,,,,,,,,,,,,,,,,,,,,,,,,,,,,,,,,,,,,,,,,,,,,,,,,,,,,,,,,,,,,7,12,22,39,34,36,31,33,26
394592,550,"Fernley, NV",msa,NV,,,,,,,,,,,,,,,,,,,,,,,,,,,,,,,,,,,,,,,,,,,,,,9,13,29,28,43,47,31,20,21,9,11,13,9,6,10,6,13,10,9,17,18,19,15,11
394444,551,"Carson City, NV",msa,NV,,,,,,,,,,,,,,,,,,,,,,,,,,,,,,,,,,,,,,,,,,,,,,,,,,,,,,,,,,,,,,7,10,7,8,10,9,8,8
394432,553,"Calhoun, GA",msa,GA,,,,,,,,,,,,,,,,,,,,,,,,,,,,,,,,,,,,,,,,,,,,,,,,,,,,,,,,,,,,,,11,12,11,14,16,15,9,10
753877,554,"Cullowhee, NC",msa,NC,,,,,,,,,,,,,,,,,,,,,,,,,,,,,,,,,,,,,,,,,,,,,,,,,,,,,,,,,,,,,,,,,,,,7,8
394737,555,"Kearney, NE",msa,NE,,,,,,,,,,,,,,,,,,,,,,,,,,,,,,,,,,,,,,,,,,,,,,,,,,,,,,,,,,,,,,,,,,,,,5
394940,557,"Ontario, OR",msa,OR,,,,,,,,,,,,,,,,,,,,,,,,,5,8,13,12,9,12,17,20,19,31,13,26,20,20,33,17,26,22,20,29,18,25,24,28,19,31,49,31,35,26,19,35,21,25,20,40,30,23,23,29,29,30,19,23,15
394621,558,"Gaffney, SC",msa,SC,,,,,,,,,,,,,,,,,,,,,,,,,,,,,,,,,,,,,,,,,,,,,,,,,,,,,,,,,,,,,13,16,12,18,24,17,16,22,25
394411,561,"Branson, MO",msa,MO,,,,,,,,,,,,,,,,,,,,,,,,,,,,,,,,,,,,,,,,,,,,,,,,,,,,,,,,,,,,,,6,12,16,13,9,10,5,8
395122,576,"St. Marys, GA",msa,GA,28,19,31,43,34,48,35,31,27,21,33,31,17,27,39,27,19,24,22,14,16,13,10,5,11,9,26,18,13,15,19,8,12,13,11,14,6,18,21,24,15,23,15,7,21,20,20,27,22,14,23,30,36,31,20,29,27,24,16,16,13,19,26,18,26,30,18,28,24
394402,577,"Boone, NC",msa,NC,,,,,,,,,,,,,,,,,,,,,,,,,,,,,,,,,,,,,,,,,,,,,,,,,,,,,,,,,,,,,,,,,,,,,8
394562,582,"Elizabeth City, NC",msa,NC,,,,,,,,,,,,,,10,14,9,17,14,11,10,10,12,8,13,16,7,10,12,10,9,29,17,16,19,5,7,9,10,8,10,7,11,6,16,17,8,14,15,8,14,27,15,11,17,15,22,19,22,14,21,9,8,27,11,9,25,16,18,23
394571,585,"Enterprise, AL",msa,AL,,,,,,,,,,,,,,,,,,,,,,,,,,,,,,,,,,,,,,,,,,,,,,,,,,,,,,,,,,,,,,,,10,9,16,8,10,12
394742,589,"Kerrville, TX",msa,TX,,,,,,,,,,,,,,,,,,,,,,,,,,,,,,,,,,,,,,,,,,,,,,,,,,,,,,,,,,,,,,,,,,,,,5
394503,592,"Corsicana, TX",msa,TX,,,,,,,,,,,,,,,,,,,,,,,,,,,,,,,,,,,,,,,8,5,11,12,10,6,10,16,16,13,7,8,9,20,9,15,12,21,13,14,6,8,9,11,25,15,12,14,12,14,9
394954,601,"Pahrump, NV",msa,NV,18,11,18,12,16,18,19,17,22,14,26,40,15,17,25,19,18,26,18,29,24,24,25,29,13,25,18,12,17,20,29,18,21,9,8,12,13,12,11,17,19,20,10,11,12,11,13,17,9,6,20,16,16,10,9,10,11,12,5,11,6,6,11,11,11,21,14,6,13
395091,606,"Shelbyville, TN",msa,TN,,,,,,,,,,,,,,,,,,,,,,,,10,5,5,9,11,5,7,9,13,14,11,8,12,17,16,30,20,26,25,25,21,12,20,13,29,11,15,9,14,27,34,35,20,10,9,15,17,15,14,31,21,17,36,27,24,25
394918,625,"Nogales, AZ",msa,AZ,,,,,,,,,,,,,,,,,,,,,,,,,,,,,,,,,,,,,,,,,,,,,,,,,,,,,,,,,,,,,,10,14,8,14,10,16,15,9
753865,633,"Bardstown, KY",msa,KY,,,,,,,,,,,,,,,,,,,,,,,,,,,,,,,,,,,,,,,,,,,,,,,,,,,,,,,,,,,,,,,,,,,,7,5
394426,640,"Burley, ID",msa,ID,,,,,,,,,,,,,,,,,,,,,,,,,,,,,,,,,,,,,,,,,,,,,,,,,,,,,,,,,,,,,,,,,8,11,6,6,9
394548,641,"Durant, OK",msa,OK,,,,,,,,,,,,,,,,,,,,,,,,,,,,,,,,,,,,,,,,,,,,,,,,,,,,,,,,,,,,,,,,,12,12,11,6,7
394398,643,"Bogalusa, LA",msa,LA,,,,,,,,,,,,,,,,,,,,,,,,,,,,,,,,,,,,,,,,,,,,,,,,,,,,,,,,,,,,,,,,,,,,,5
395208,656,"Washington, NC",msa,NC,,,,,,,,,,,,,,,,,,,,,,,,,,,,,,,,,,,,,,,,,,,,,,,,,,,,,,,,,,,,,,,,,,,,5,6
394567,663,"Ellensburg, WA",msa,WA,,,,,,,,,,,,,,,,,,,,,,,,,,,,,,,,,,,,,,,,,,,,,,,,,,,,,,,,,,,,,,,17,10,15,12,9,13,17
394349,672,"Auburn, IN",msa,IN,,,,,,,,,,,,,,,,,,,,,,,,,,,,,,,,,,,,,,,,,,,,,,,,,,,,,,,,,,,,,,,,,,,,,5
394476,704,"Clewiston, FL",msa,FL,,,,,,,,,,,,,,,,,,,,,,,,,,,,,,,,,6,10,10,11,7,6,11,11,7,5,8,14,15,5,14,13,15,9,16,14,6,9,13,10,13,5,12,9,12,14,21,10,20,15,12,11,25
786252,761,"Bonham, TX",msa,TX,,,,,,,,,,,,,,,,,,,,,,,,,,,,,,,,,,,,,,,,,,,,,,,,,,,,,,,,,,,,,,,,,,,,,5
394786,783,"Lewisburg, TN",msa,TN,,,,,,,,,,,,,,,,,,,,,,,,,,,7,6,7,9,10,9,16,11,15,14,12,13,16,33,26,11,13,13,19,8,14,10,13,30,42,34,25,34,35,33,40,6,12,30,12,20,32,17,17,46,23,11,15
395093,815,"Sheridan, WY",msa,WY,,,,,,,,,,,,,,,,,,,,,,,,,,,,,,,,,,,,,,,,,,,,,,,,,,,,,,,,,,,,,,,,,,,,,5
394892,832,"Mountain Home, ID",msa,ID,,,,,,,,,,,,,,,,,,,,,,,,,,,,,,,,,,,,,,,,,,,,,,,,,,,,,,,,,,,,,,,,,,,10,6,5